{
  "meta": {
    "phase": "2b",
    "stage_name": "rank_A_vs_G_phase2b",
    "generated_at_utc": "2026-04-19T17:15:41.901307Z",
    "generated_by": "scripts/analyze_phase2b.py@f86458403d82",
    "source_results_paths": [
      "results/phase2b_proseco_owt"
    ],
    "config": {
      "F": "neg_nll"
    }
  },
  "data": {
    "per_B": {
      "2": {
        "pooled_spearman": {
          "rho": 0.6570502597772953,
          "ci_lo": 0.5569676629912902,
          "ci_hi": 0.7409636500310328,
          "n": 300,
          "n_resamples": 1000,
          "alpha": 0.05,
          "bootstrap_std": 0.04692603329741249
        },
        "per_seed_rho": [
          0.9586206896551724,
          0.903448275862069,
          0.6137931034482759,
          0.6137931034482759,
          0.020689655172413793,
          0.4482758620689655,
          0.903448275862069,
          0.503448275862069,
          0.7931034482758621,
          -0.1125,
          0.7103448275862069,
          1.0,
          0.7793103448275862,
          0.9862068965517241,
          0.9862068965517241,
          0.020689655172413793,
          0.7793103448275862,
          0.46206896551724136,
          0.6827586206896552,
          0.9448275862068966,
          -0.7517241379310344,
          0.7793103448275862,
          0.9586206896551724,
          0.9310344827586207,
          0.9862068965517241,
          0.47586206896551725,
          0.7103448275862069,
          0.7517241379310344,
          0.6,
          0.8758620689655172
        ],
        "per_seed_rho_mean": 0.6438362068965519,
        "per_seed_rho_se": 0.07237298181240807,
        "n_points_pooled": 300,
        "n_seeds_with_rho": 30,
        "tier": "T3"
      },
      "3": {
        "pooled_spearman": {
          "rho": 0.6210283514740967,
          "ci_lo": 0.5233026078935148,
          "ci_hi": 0.7058315136446832,
          "n": 300,
          "n_resamples": 1000,
          "alpha": 0.05,
          "bootstrap_std": 0.04756710611544107
        },
        "per_seed_rho": [
          0.9586206896551724,
          0.9310344827586207,
          0.33793103448275863,
          0.9862068965517241,
          -0.3793103448275862,
          0.7379310344827587,
          0.475,
          0.9586206896551724,
          0.9862068965517241,
          -0.006134969325153374,
          0.7793103448275862,
          1.0,
          0.7931034482758621,
          -0.5625,
          0.8344827586206897,
          0.43448275862068964,
          1.0,
          0.2827586206896552,
          -0.2827586206896552,
          0.9448275862068966,
          -0.25517241379310346,
          0.625,
          0.7,
          0.8896551724137931,
          0.7655172413793103,
          0.275,
          -0.0375,
          0.7517241379310344,
          0.7793103448275862,
          0.7793103448275862
        ],
        "per_seed_rho_mean": 0.5494219378041041,
        "per_seed_rho_se": 0.08504752196982159,
        "n_points_pooled": 300,
        "n_seeds_with_rho": 30,
        "tier": "T3"
      },
      "4": {
        "pooled_spearman": {
          "rho": 0.4992917586539116,
          "ci_lo": 0.39196656308079414,
          "ci_hi": 0.60036351723486,
          "n": 300,
          "n_resamples": 1000,
          "alpha": 0.05,
          "bootstrap_std": 0.053502501861646144
        },
        "per_seed_rho": [
          0.7517241379310344,
          0.7625,
          -0.11161046793076417,
          0.85,
          0.8758620689655172,
          0.7517241379310344,
          0.22758620689655173,
          0.7517241379310344,
          0.4125,
          -0.225,
          0.6,
          0.7241379310344828,
          0.9862068965517241,
          -0.7931034482758621,
          0.8875,
          -0.06206896551724138,
          0.9875,
          -0.575,
          -0.2875,
          0.8758620689655172,
          -0.296551724137931,
          0.8620689655172413,
          0.3619631901840491,
          0.8758620689655172,
          0.903448275862069,
          0.5310344827586206,
          0.2413793103448276,
          0.0125,
          0.8482758620689655,
          0.4896551724137931
        ],
        "per_seed_rho_mean": 0.44067267694867257,
        "per_seed_rho_se": 0.09287162916425466,
        "n_points_pooled": 300,
        "n_seeds_with_rho": 30,
        "tier": "T3"
      },
      "8": {
        "pooled_spearman": {
          "rho": 0.4348082915786793,
          "ci_lo": 0.33125149862208514,
          "ci_hi": 0.5345549200111859,
          "n": 300,
          "n_resamples": 1000,
          "alpha": 0.05,
          "bootstrap_std": 0.05235866823628393
        },
        "per_seed_rho": [
          0.903448275862069,
          0.6827586206896552,
          0.0,
          0.625,
          -0.3875,
          0.4482758620689655,
          0.8159509202453987,
          0.6125,
          0.5375,
          0.006896551724137931,
          0.5950920245398773,
          0.8064516129032258,
          0.803680981595092,
          -0.1375,
          0.6903225806451613,
          -0.38650306748466257,
          0.8875,
          -0.4625,
          -0.425,
          0.7300613496932515,
          -0.3875,
          0.9,
          0.6196319018404908,
          0.9310344827586207,
          0.296551724137931,
          0.5125,
          0.6774193548387096,
          -0.8482758620689655,
          0.95,
          0.6625
        ],
        "per_seed_rho_mean": 0.3886765771329653,
        "per_seed_rho_se": 0.09537419762512418,
        "n_points_pooled": 300,
        "n_seeds_with_rho": 30,
        "tier": "T3"
      },
      "16": {
        "pooled_spearman": {
          "rho": 0.44865057062822994,
          "ci_lo": 0.34074430578971815,
          "ci_hi": 0.5450049182231866,
          "n": 300,
          "n_resamples": 1000,
          "alpha": 0.05,
          "bootstrap_std": 0.05270105980902299
        },
        "per_seed_rho": [
          0.5527950310559007,
          0.7317073170731707,
          -0.6645962732919255,
          0.8136645962732919,
          -0.14285714285714285,
          0.7267080745341615,
          0.5365853658536586,
          0.8136645962732919,
          0.35403726708074534,
          -0.6273291925465838,
          -0.09090909090909091,
          0.8012422360248447,
          0.2422360248447205,
          -0.391304347826087,
          0.37888198757763975,
          0.6242424242424243,
          0.6894409937888198,
          0.10975609756097561,
          -0.036585365853658534,
          0.6463414634146342,
          0.35365853658536583,
          0.18012422360248448,
          -0.6149068322981367,
          0.5403726708074534,
          -0.043478260869565216,
          0.5,
          0.3048780487804878,
          0.20496894409937888,
          0.8260869565217391,
          0.524390243902439
        ],
        "per_seed_rho_mean": 0.2947938864481813,
        "per_seed_rho_se": 0.08185090558411147,
        "n_points_pooled": 300,
        "n_seeds_with_rho": 30,
        "tier": "T3"
      }
    }
  },
  "decisions": [
    {
      "gate_id": "A_ranks_G_cross_policy_B8",
      "result": "fail",
      "evidence": "per_seed_rho_mean=0.3886765771329653 at B=8; threshold 0.6"
    }
  ]
}