{
  "j": 18,
  "B": 8,
  "seed": 1168,
  "G": -2.351224422454834,
  "A": -5.722570824623109,
  "residual": 3.3713464021682746,
  "f_base": -5.000592231750488,
  "f_schedule": -7.351816654205322,
  "schedule_steps": [
    11,
    21,
    25,
    31,
    46,
    50,
    60,
    63
  ],
  "budget": 8,
  "wall_time": 3.7058634757995605
}