{
  "j": 32,
  "B": 16,
  "seed": 1266,
  "G": -2.832371234893799,
  "A": -15.94295315742493,
  "residual": 13.11058192253113,
  "f_base": -5.189514636993408,
  "f_schedule": -8.021885871887207,
  "schedule_steps": [
    4,
    10,
    14,
    15,
    19,
    21,
    27,
    32,
    35,
    36,
    38,
    40,
    41,
    49,
    50,
    60
  ],
  "budget": 16,
  "wall_time": 3.876490831375122
}