{
  "j": 25,
  "B": 8,
  "seed": 1217,
  "G": -2.2219271659851074,
  "A": -6.814325594902039,
  "residual": 4.5923984289169315,
  "f_base": -4.745111465454102,
  "f_schedule": -6.967038631439209,
  "schedule_steps": [
    12,
    14,
    25,
    29,
    35,
    47,
    54,
    61
  ],
  "budget": 8,
  "wall_time": 3.738420248031616
}