{
  "j": 6,
  "B": 8,
  "seed": 1084,
  "G": 0.12918261006607912,
  "A": 0.1475252267363696,
  "residual": -0.018342616670290496,
  "f_base": -3.4362010354463193,
  "f_schedule": -3.30701842538024,
  "schedule_steps": [
    1,
    5,
    10,
    20,
    21,
    25,
    28,
    31
  ],
  "budget": 8,
  "wall_time": 0.006085634231567383
}