{
  "j": 37,
  "B": 16,
  "seed": 1301,
  "G": -2.6299314498901367,
  "A": -17.926665043830866,
  "residual": 15.29673359394073,
  "f_base": -5.407233238220215,
  "f_schedule": -8.037164688110352,
  "schedule_steps": [
    1,
    4,
    7,
    8,
    10,
    12,
    31,
    35,
    37,
    39,
    44,
    49,
    50,
    51,
    53,
    55
  ],
  "budget": 16,
  "wall_time": 3.8146893978118896
}