{
  "j": 15,
  "B": 8,
  "seed": 1147,
  "G": -1.7078251838684082,
  "A": -8.208195066452026,
  "residual": 6.500369882583618,
  "f_base": -4.908705711364746,
  "f_schedule": -6.616530895233154,
  "schedule_steps": [
    15,
    16,
    17,
    20,
    35,
    38,
    42,
    53
  ],
  "budget": 8,
  "wall_time": 3.79823899269104
}