{
  "j": 44,
  "B": 16,
  "seed": 1350,
  "G": -2.728158950805664,
  "A": -17.341300392150877,
  "residual": 14.613141441345213,
  "f_base": -5.709402084350586,
  "f_schedule": -8.43756103515625,
  "schedule_steps": [
    1,
    2,
    6,
    14,
    15,
    18,
    24,
    25,
    37,
    43,
    44,
    50,
    58,
    59,
    62,
    63
  ],
  "budget": 16,
  "wall_time": 3.7970597743988037
}