{
  "j": 27,
  "B": 8,
  "seed": 1231,
  "G": -2.5111942291259766,
  "A": -10.647595071792603,
  "residual": 8.136400842666626,
  "f_base": -5.510748863220215,
  "f_schedule": -8.021943092346191,
  "schedule_steps": [
    5,
    7,
    8,
    23,
    26,
    36,
    44,
    57
  ],
  "budget": 8,
  "wall_time": 3.6080455780029297
}