{
  "j": 21,
  "B": 8,
  "seed": 1189,
  "G": -2.5176563262939453,
  "A": -12.078603959083559,
  "residual": 9.560947632789613,
  "f_base": -5.4368391036987305,
  "f_schedule": -7.954495429992676,
  "schedule_steps": [
    2,
    6,
    9,
    10,
    28,
    29,
    48,
    62
  ],
  "budget": 8,
  "wall_time": 3.557380437850952
}