{
  "j": 43,
  "B": 16,
  "seed": 1343,
  "G": -3.4414234161376953,
  "A": -14.152650499343872,
  "residual": 10.711227083206177,
  "f_base": -4.784712791442871,
  "f_schedule": -8.226136207580566,
  "schedule_steps": [
    2,
    6,
    11,
    17,
    25,
    29,
    30,
    34,
    39,
    44,
    45,
    46,
    47,
    49,
    55,
    61
  ],
  "budget": 16,
  "wall_time": 3.832242250442505
}