{
  "j": 41,
  "B": 16,
  "seed": 1329,
  "G": -2.5449137687683105,
  "A": -22.329687380790705,
  "residual": 19.784773612022395,
  "f_base": -5.620680332183838,
  "f_schedule": -8.165594100952148,
  "schedule_steps": [
    0,
    5,
    6,
    11,
    12,
    14,
    16,
    20,
    25,
    30,
    32,
    37,
    38,
    39,
    42,
    50
  ],
  "budget": 16,
  "wall_time": 3.793294906616211
}