{
  "j": 33,
  "B": 16,
  "seed": 1273,
  "G": -3.4951581954956055,
  "A": -22.069176673889153,
  "residual": 18.574018478393548,
  "f_base": -5.143163681030273,
  "f_schedule": -8.638321876525879,
  "schedule_steps": [
    0,
    1,
    2,
    7,
    9,
    10,
    11,
    13,
    34,
    36,
    43,
    50,
    53,
    56,
    57,
    62
  ],
  "budget": 16,
  "wall_time": 3.7938501834869385
}