{
  "j": 4,
  "B": 4,
  "seed": 1070,
  "G": 0.044315301774731086,
  "A": 0.051932132520414946,
  "residual": -0.00761683074568386,
  "f_base": -3.4758992823495434,
  "f_schedule": -3.4315839805748123,
  "schedule_steps": [
    3,
    6,
    22,
    31
  ],
  "budget": 4,
  "wall_time": 0.003885030746459961
}