{
  "j": 28,
  "B": 8,
  "seed": 1238,
  "G": -3.02400541305542,
  "A": -9.43383264541626,
  "residual": 6.40982723236084,
  "f_base": -5.387451648712158,
  "f_schedule": -8.411457061767578,
  "schedule_steps": [
    1,
    6,
    11,
    33,
    36,
    44,
    48,
    54
  ],
  "budget": 8,
  "wall_time": 3.527989625930786
}