{
  "j": 13,
  "B": 4,
  "seed": 1133,
  "G": -2.426858901977539,
  "A": -3.575300574302674,
  "residual": 1.1484416723251347,
  "f_base": -5.506537437438965,
  "f_schedule": -7.933396339416504,
  "schedule_steps": [
    7,
    26,
    58,
    63
  ],
  "budget": 4,
  "wall_time": 3.48858642578125
}