{
  "j": 3,
  "B": 4,
  "seed": 1063,
  "G": 0.11459504886135496,
  "A": 0.08310804631079911,
  "residual": 0.03148700255055585,
  "f_base": -3.526018901343585,
  "f_schedule": -3.4114238524822302,
  "schedule_steps": [
    10,
    12,
    25,
    28
  ],
  "budget": 4,
  "wall_time": 0.0041370391845703125
}