{
  "j": 30,
  "B": 16,
  "seed": 1252,
  "G": -3.7032885551452637,
  "A": -18.83819105625152,
  "residual": 15.134902501106257,
  "f_base": -4.910678386688232,
  "f_schedule": -8.613966941833496,
  "schedule_steps": [
    1,
    3,
    9,
    12,
    13,
    18,
    23,
    24,
    32,
    34,
    39,
    40,
    47,
    52,
    56,
    62
  ],
  "budget": 16,
  "wall_time": 3.8093209266662598
}