{
  "j": 39,
  "B": 16,
  "seed": 1315,
  "G": -3.3781490325927734,
  "A": -17.3799409866333,
  "residual": 14.001791954040527,
  "f_base": -4.918478965759277,
  "f_schedule": -8.29662799835205,
  "schedule_steps": [
    0,
    3,
    7,
    14,
    18,
    22,
    25,
    26,
    34,
    37,
    43,
    45,
    47,
    53,
    56,
    57
  ],
  "budget": 16,
  "wall_time": 3.7993345260620117
}