{
  "j": 34,
  "B": 16,
  "seed": 1280,
  "G": -3.1716103553771973,
  "A": -9.167799758911134,
  "residual": 5.996189403533936,
  "f_base": -5.111198902130127,
  "f_schedule": -8.282809257507324,
  "schedule_steps": [
    1,
    18,
    22,
    34,
    36,
    38,
    40,
    41,
    42,
    43,
    47,
    49,
    50,
    55,
    56,
    60
  ],
  "budget": 16,
  "wall_time": 3.814641237258911
}