{
  "j": 20,
  "B": 8,
  "seed": 1182,
  "G": -1.4018101692199707,
  "A": -4.65716643333435,
  "residual": 3.255356264114379,
  "f_base": -4.89543342590332,
  "f_schedule": -6.297243595123291,
  "schedule_steps": [
    20,
    27,
    31,
    38,
    40,
    41,
    43,
    63
  ],
  "budget": 8,
  "wall_time": 3.885146141052246
}