{
  "j": 14,
  "B": 4,
  "seed": 1140,
  "G": -2.0625619888305664,
  "A": -6.142581939697266,
  "residual": 4.080019950866699,
  "f_base": -5.32371711730957,
  "f_schedule": -7.386279106140137,
  "schedule_steps": [
    8,
    14,
    17,
    50
  ],
  "budget": 4,
  "wall_time": 3.5225419998168945
}