{
  "j": 31,
  "B": 16,
  "seed": 1259,
  "G": -3.577488899230957,
  "A": -20.922075176239016,
  "residual": 17.34458627700806,
  "f_base": -4.630127906799316,
  "f_schedule": -8.207616806030273,
  "schedule_steps": [
    0,
    6,
    7,
    13,
    18,
    20,
    21,
    24,
    26,
    27,
    29,
    30,
    32,
    41,
    56,
    57
  ],
  "budget": 16,
  "wall_time": 3.8025107383728027
}