{
  "j": 24,
  "B": 8,
  "seed": 1210,
  "G": -2.177623748779297,
  "A": -10.307601404190065,
  "residual": 8.129977655410768,
  "f_base": -5.1887898445129395,
  "f_schedule": -7.366413593292236,
  "schedule_steps": [
    8,
    10,
    16,
    18,
    19,
    34,
    58,
    62
  ],
  "budget": 8,
  "wall_time": 3.664163827896118
}