{
  "j": 40,
  "B": 16,
  "seed": 1322,
  "G": -3.080406665802002,
  "A": -19.058685255050662,
  "residual": 15.97827858924866,
  "f_base": -4.736798286437988,
  "f_schedule": -7.81720495223999,
  "schedule_steps": [
    0,
    3,
    11,
    14,
    19,
    20,
    21,
    22,
    24,
    25,
    39,
    41,
    51,
    53,
    58,
    60
  ],
  "budget": 16,
  "wall_time": 3.7945268154144287
}