{
  "j": 22,
  "B": 8,
  "seed": 1196,
  "G": -2.523195743560791,
  "A": -12.301962208747863,
  "residual": 9.778766465187072,
  "f_base": -5.418826103210449,
  "f_schedule": -7.94202184677124,
  "schedule_steps": [
    2,
    5,
    8,
    17,
    18,
    34,
    43,
    46
  ],
  "budget": 8,
  "wall_time": 3.5432441234588623
}