{
  "j": 42,
  "B": 16,
  "seed": 1336,
  "G": -2.633758544921875,
  "A": -14.299845457077026,
  "residual": 11.666086912155151,
  "f_base": -5.341780662536621,
  "f_schedule": -7.975539207458496,
  "schedule_steps": [
    4,
    14,
    15,
    16,
    22,
    23,
    24,
    29,
    36,
    40,
    46,
    50,
    52,
    56,
    62,
    63
  ],
  "budget": 16,
  "wall_time": 3.8477213382720947
}