{
  "j": 8,
  "B": 8,
  "seed": 1098,
  "G": 0.22914200001236384,
  "A": 0.17957972682000137,
  "residual": 0.04956227319236248,
  "f_base": -3.505030316077333,
  "f_schedule": -3.275888316064969,
  "schedule_steps": [
    1,
    10,
    12,
    13,
    17,
    27,
    30,
    31
  ],
  "budget": 8,
  "wall_time": 0.005414247512817383
}