{
  "j": 1,
  "B": 4,
  "seed": 1049,
  "G": 0.1056068329998765,
  "A": 0.1013602204912737,
  "residual": 0.004246612508602796,
  "f_base": -3.470470111671477,
  "f_schedule": -3.3648632786716006,
  "schedule_steps": [
    7,
    17,
    25,
    27
  ],
  "budget": 4,
  "wall_time": 0.004147768020629883
}