{
  "j": 38,
  "B": 16,
  "seed": 1308,
  "G": -3.227534770965576,
  "A": -18.02672951221466,
  "residual": 14.799194741249085,
  "f_base": -5.234630107879639,
  "f_schedule": -8.462164878845215,
  "schedule_steps": [
    0,
    4,
    6,
    13,
    16,
    19,
    23,
    26,
    29,
    41,
    43,
    44,
    53,
    54,
    60,
    63
  ],
  "budget": 16,
  "wall_time": 3.775491237640381
}