{
  "j": 26,
  "B": 8,
  "seed": 1224,
  "G": -3.1908202171325684,
  "A": -7.53467893600464,
  "residual": 4.343858718872071,
  "f_base": -5.014886379241943,
  "f_schedule": -8.205706596374512,
  "schedule_steps": [
    2,
    16,
    19,
    33,
    39,
    55,
    56,
    60
  ],
  "budget": 8,
  "wall_time": 3.5479021072387695
}