{
  "j": 35,
  "B": 16,
  "seed": 1287,
  "G": -3.488755702972412,
  "A": -20.138649606704714,
  "residual": 16.649893903732302,
  "f_base": -4.86251974105835,
  "f_schedule": -8.351275444030762,
  "schedule_steps": [
    0,
    1,
    7,
    9,
    12,
    15,
    22,
    25,
    30,
    31,
    36,
    38,
    49,
    53,
    57,
    61
  ],
  "budget": 16,
  "wall_time": 3.803795337677002
}