{
  "j": 7,
  "B": 8,
  "seed": 1091,
  "G": 0.1406509489183505,
  "A": 0.18884923888119173,
  "residual": -0.04819828996284123,
  "f_base": -3.553568819737717,
  "f_schedule": -3.4129178708193666,
  "schedule_steps": [
    2,
    4,
    10,
    15,
    16,
    19,
    30,
    31
  ],
  "budget": 8,
  "wall_time": 0.00551295280456543
}