{
  "j": 36,
  "B": 16,
  "seed": 1294,
  "G": -2.9589810371398926,
  "A": -17.734288001060484,
  "residual": 14.775306963920592,
  "f_base": -5.489157199859619,
  "f_schedule": -8.448138236999512,
  "schedule_steps": [
    0,
    8,
    9,
    13,
    16,
    21,
    24,
    26,
    31,
    33,
    37,
    50,
    52,
    56,
    57,
    58
  ],
  "budget": 16,
  "wall_time": 3.7992255687713623
}