{
  "j": 17,
  "B": 8,
  "seed": 1161,
  "G": -2.9015979766845703,
  "A": -7.849060440063476,
  "residual": 4.947462463378906,
  "f_base": -4.612710475921631,
  "f_schedule": -7.514308452606201,
  "schedule_steps": [
    9,
    18,
    20,
    21,
    39,
    41,
    42,
    51
  ],
  "budget": 8,
  "wall_time": 3.6891331672668457
}