{
  "j": 16,
  "B": 8,
  "seed": 1154,
  "G": -3.5690340995788574,
  "A": -12.969705748558045,
  "residual": 9.400671648979188,
  "f_base": -4.859376430511475,
  "f_schedule": -8.428410530090332,
  "schedule_steps": [
    0,
    1,
    8,
    20,
    23,
    26,
    38,
    56
  ],
  "budget": 8,
  "wall_time": 3.5248146057128906
}