{
  "j": 19,
  "B": 8,
  "seed": 1175,
  "G": -1.6040196418762207,
  "A": -6.708938646316527,
  "residual": 5.1049190044403066,
  "f_base": -5.128603935241699,
  "f_schedule": -6.73262357711792,
  "schedule_steps": [
    18,
    22,
    27,
    29,
    31,
    32,
    41,
    62
  ],
  "budget": 8,
  "wall_time": 3.844874620437622
}