{
  "j": 29,
  "B": 8,
  "seed": 1245,
  "G": -2.4090323448181152,
  "A": -3.925978231430054,
  "residual": 1.5169458866119387,
  "f_base": -5.886427402496338,
  "f_schedule": -8.295459747314453,
  "schedule_steps": [
    7,
    28,
    45,
    47,
    53,
    56,
    58,
    60
  ],
  "budget": 8,
  "wall_time": 3.6411032676696777
}