{
  "j": 9,
  "B": 8,
  "seed": 1105,
  "G": 0.17144230477577427,
  "A": 0.22129014198588756,
  "residual": -0.049847837210113294,
  "f_base": -3.518189195694878,
  "f_schedule": -3.346746890919104,
  "schedule_steps": [
    1,
    10,
    13,
    14,
    16,
    24,
    25,
    29
  ],
  "budget": 8,
  "wall_time": 0.005360603332519531
}