{
  "j": 0,
  "B": 4,
  "seed": 1042,
  "G": 0.07471579407064732,
  "A": 0.09660801445183136,
  "residual": -0.021892220381184033,
  "f_base": -3.4216062517672516,
  "f_schedule": -3.3468904576966043,
  "schedule_steps": [
    0,
    10,
    11,
    21
  ],
  "budget": 4,
  "wall_time": 0.0014328956604003906
}