{
  "j": 5,
  "B": 8,
  "seed": 1077,
  "G": 0.24548494464547854,
  "A": 0.22504152388355303,
  "residual": 0.020443420761925513,
  "f_base": -3.555310711866829,
  "f_schedule": -3.3098257672213505,
  "schedule_steps": [
    1,
    6,
    17,
    18,
    20,
    22,
    24,
    31
  ],
  "budget": 8,
  "wall_time": 0.005441427230834961
}