{
  "j": 10,
  "B": 4,
  "seed": 1112,
  "G": -2.8053746223449707,
  "A": -4.3952524900436405,
  "residual": 1.5898778676986698,
  "f_base": -4.6791605949401855,
  "f_schedule": -7.484535217285156,
  "schedule_steps": [
    12,
    26,
    34,
    36
  ],
  "budget": 4,
  "wall_time": 3.6068201065063477
}