{
  "j": 23,
  "B": 8,
  "seed": 1203,
  "G": -3.538444995880127,
  "A": -6.278726124763489,
  "residual": 2.740281128883362,
  "f_base": -4.673817157745361,
  "f_schedule": -8.212262153625488,
  "schedule_steps": [
    3,
    13,
    31,
    36,
    55,
    60,
    61,
    62
  ],
  "budget": 8,
  "wall_time": 3.56680965423584
}