{
  "j": 11,
  "B": 4,
  "seed": 1119,
  "G": -2.933089256286621,
  "A": -3.388588309288025,
  "residual": 0.4554990530014038,
  "f_base": -4.869326114654541,
  "f_schedule": -7.802415370941162,
  "schedule_steps": [
    2,
    44,
    48,
    52
  ],
  "budget": 4,
  "wall_time": 3.406661033630371
}