{
  "j": 12,
  "B": 4,
  "seed": 1126,
  "G": -1.694258213043213,
  "A": -4.198290491104126,
  "residual": 2.5040322780609134,
  "f_base": -5.506265640258789,
  "f_schedule": -7.200523853302002,
  "schedule_steps": [
    13,
    14,
    46,
    48
  ],
  "budget": 4,
  "wall_time": 3.623539924621582
}