{
  "j": 2,
  "B": 4,
  "seed": 1056,
  "G": 0.08927335614811271,
  "A": 0.07288630129921625,
  "residual": 0.016387054848896465,
  "f_base": -3.4211716997549786,
  "f_schedule": -3.331898343606866,
  "schedule_steps": [
    3,
    4,
    19,
    27
  ],
  "budget": 4,
  "wall_time": 0.0040094852447509766
}