{
  "j": 1,
  "B": 2,
  "seed": 1049,
  "G": 0.02436292702354681,
  "A": 0.025958714482168865,
  "residual": -0.0015957874586220548,
  "f_base": -3.470470111671477,
  "f_schedule": -3.4461071846479303,
  "schedule_steps": [
    4,
    14
  ],
  "budget": 2,
  "wall_time": 0.0021245479583740234
}