{
  "meta": {
    "phase": "2b",
    "stage_name": "mc_oracle",
    "generated_at_utc": "2026-04-22T20:59:08.299758Z",
    "generated_by": "scripts/analyze_phase2b.py@b2de48794a62",
    "source_results_paths": [
      "results/cross_backbone/proseco_llada_sft_bounded/phase2b_raw"
    ],
    "config": {
      "F": "neg_nll"
    }
  },
  "data": {
    "per_trajectory": [
      {
        "seed": 142,
        "B_to_argmax_G": {
          "2": {
            "G": 5.229882527142763,
            "schedule": [
              0,
              60
            ],
            "A_of_argmax": 0.006939411163330078,
            "n_samples": 24
          },
          "4": {
            "G": 5.229882527142763,
            "schedule": [
              0,
              33,
              55,
              56
            ],
            "A_of_argmax": 0.13063287734985352,
            "n_samples": 24
          }
        }
      },
      {
        "seed": 143,
        "B_to_argmax_G": {
          "2": {
            "G": 1.4166908264160156,
            "schedule": [
              19,
              45
            ],
            "A_of_argmax": 1.0258574485778809,
            "n_samples": 24
          },
          "4": {
            "G": 5.88516740873456,
            "schedule": [
              0,
              3,
              24,
              32
            ],
            "A_of_argmax": 0.9214181900024414,
            "n_samples": 24
          }
        }
      },
      {
        "seed": 144,
        "B_to_argmax_G": {
          "2": {
            "G": 1.4669795036315918,
            "schedule": [
              13,
              57
            ],
            "A_of_argmax": 1.860464096069336,
            "n_samples": 24
          },
          "4": {
            "G": 5.477133084088564,
            "schedule": [
              0,
              40,
              47,
              61
            ],
            "A_of_argmax": 2.4736037254333496,
            "n_samples": 24
          }
        }
      },
      {
        "seed": 145,
        "B_to_argmax_G": {
          "2": {
            "G": 1.0513243675231934,
            "schedule": [
              32,
              60
            ],
            "A_of_argmax": 0.854771614074707,
            "n_samples": 24
          },
          "4": {
            "G": 5.156625557690859,
            "schedule": [
              0,
              5,
              29,
              54
            ],
            "A_of_argmax": 0.45273733139038086,
            "n_samples": 24
          }
        }
      },
      {
        "seed": 146,
        "B_to_argmax_G": {
          "2": {
            "G": 1.4224185943603516,
            "schedule": [
              40,
              59
            ],
            "A_of_argmax": 1.5464606285095215,
            "n_samples": 24
          },
          "4": {
            "G": 6.5262935645878315,
            "schedule": [
              0,
              5,
              8,
              31
            ],
            "A_of_argmax": 5.256180047988892,
            "n_samples": 24
          }
        }
      },
      {
        "seed": 147,
        "B_to_argmax_G": {
          "2": {
            "G": 4.2052181251347065,
            "schedule": [
              0,
              10
            ],
            "A_of_argmax": 0.585477352142334,
            "n_samples": 24
          },
          "4": {
            "G": 4.2052181251347065,
            "schedule": [
              0,
              28,
              49,
              55
            ],
            "A_of_argmax": 1.0291030406951904,
            "n_samples": 24
          }
        }
      },
      {
        "seed": 148,
        "B_to_argmax_G": {
          "2": {
            "G": 5.158631134778261,
            "schedule": [
              0,
              39
            ],
            "A_of_argmax": 0.40042734146118164,
            "n_samples": 24
          },
          "4": {
            "G": 5.158631134778261,
            "schedule": [
              0,
              7,
              8,
              48
            ],
            "A_of_argmax": -0.6919207572937012,
            "n_samples": 24
          }
        }
      },
      {
        "seed": 149,
        "B_to_argmax_G": {
          "2": {
            "G": 0.9509866237640381,
            "schedule": [
              30,
              58
            ],
            "A_of_argmax": 1.0349822044372559,
            "n_samples": 24
          },
          "4": {
            "G": 4.386380482465029,
            "schedule": [
              0,
              17,
              46,
              61
            ],
            "A_of_argmax": 1.2143309116363525,
            "n_samples": 24
          }
        }
      }
    ],
    "mc_oracle_minus_uniform": {
      "2": {
        "diff_per_seed": [
          0.0,
          -4.468476582318544,
          -4.010153580456972,
          -4.1053011901676655,
          -5.10387497022748,
          0.0,
          0.0,
          -3.4353938587009907
        ],
        "mean": -2.6404000227339566,
        "se": 0.790342206660918,
        "n": 8,
        "paired_t_stat": -3.340831351889033,
        "p_value": 0.012405528997136761,
        "bootstrap_95_ci": [
          -4.06508015319705,
          -1.0716143811121583
        ],
        "cohens_d": -1.1811622518606781,
        "tier": "T3",
        "tier_reason": "n=8 < 30; exploratory only"
      },
      "4": {
        "diff_per_seed": [
          0.0,
          0.0,
          0.0,
          0.0,
          0.0,
          0.0,
          0.0,
          0.0
        ],
        "mean": 0.0,
        "se": 0.0,
        "n": 8,
        "paired_t_stat": 0.0,
        "p_value": 1.0,
        "bootstrap_95_ci": [
          0.0,
          0.0
        ],
        "cohens_d": 0.0,
        "tier": "T3",
        "tier_reason": "n=8 < 30; exploratory only"
      }
    },
    "mc_oracle_minus_mean_profile_oracle": {
      "2": {
        "diff_per_seed": [
          4.0582149513065815,
          0.40263938903808594,
          0.3005247116088867,
          0.30901479721069336,
          0.12718439102172852,
          3.643463660031557,
          4.578210163861513,
          0.3706626892089844
        ],
        "mean": 1.7237393441610038,
        "se": 0.6999389788182784,
        "n": 8,
        "paired_t_stat": 2.462699458560272,
        "p_value": 0.04329368408023959,
        "bootstrap_95_ci": [
          0.6630518496967852,
          3.175279743038118
        ],
        "cohens_d": 0.8706957435862036,
        "tier": "T3",
        "tier_reason": "n=8 < 30; exploratory only"
      },
      "4": {
        "diff_per_seed": [
          4.058716583997011,
          5.070679474622011,
          4.207009602338076,
          4.385785389691591,
          5.073581982403994,
          3.627417851239443,
          4.213596630841494,
          3.672325659543276
        ],
        "mean": 4.288639146834612,
        "se": 0.19454042845105915,
        "n": 8,
        "paired_t_stat": 22.044976362913232,
        "p_value": 9.983485016462623e-08,
        "bootstrap_95_ci": [
          3.939470089226961,
          4.662746508419514
        ],
        "cohens_d": 7.794076138656549,
        "tier": "T3",
        "tier_reason": "n=8 < 30; exploratory only"
      }
    },
    "enumeration_spot_checks": []
  },
  "decisions": [
    {
      "gate_id": "headroom_exists_realistic",
      "result": "fail",
      "evidence": "mc_oracle_minus_uniform.4.bootstrap_95_ci_lo=0.0; threshold 0.05"
    }
  ]
}