{
  "j": 17,
  "B": 8,
  "seed": 1161,
  "G": -0.3664126396179199,
  "A": 0.06449100971221926,
  "residual": -0.4309036493301392,
  "f_base": -4.612710475921631,
  "f_schedule": -4.979123115539551,
  "schedule_steps": [
    9,
    18,
    20,
    21,
    39,
    41,
    42,
    51
  ],
  "budget": 8,
  "wall_time": 4.30741810798645
}