{
  "j": 4,
  "B": 4,
  "seed": 1070,
  "G": -0.17497587203979492,
  "A": 0.057952857017517095,
  "residual": -0.23292872905731202,
  "f_base": -4.246878147125244,
  "f_schedule": -4.421854019165039,
  "schedule_steps": [
    7,
    13,
    44,
    62
  ],
  "budget": 4,
  "wall_time": 4.2281248569488525
}