{
  "j": 38,
  "B": 16,
  "seed": 1308,
  "G": -0.7388997077941895,
  "A": -0.15896050930023195,
  "residual": -0.5799391984939575,
  "f_base": -5.234630107879639,
  "f_schedule": -5.973529815673828,
  "schedule_steps": [
    0,
    4,
    6,
    13,
    16,
    19,
    23,
    26,
    29,
    41,
    43,
    44,
    53,
    54,
    60,
    63
  ],
  "budget": 16,
  "wall_time": 4.409913539886475
}