{
  "j": 34,
  "B": 16,
  "seed": 1280,
  "G": -0.2132740020751953,
  "A": -0.35570919513702387,
  "residual": 0.14243519306182856,
  "f_base": -5.111198902130127,
  "f_schedule": -5.324472904205322,
  "schedule_steps": [
    1,
    18,
    22,
    34,
    36,
    38,
    40,
    41,
    42,
    43,
    47,
    49,
    50,
    55,
    56,
    60
  ],
  "budget": 16,
  "wall_time": 4.316169500350952
}