{
  "j": 39,
  "B": 16,
  "seed": 1315,
  "G": -0.9662890434265137,
  "A": -0.28078222274780273,
  "residual": -0.6855068206787109,
  "f_base": -4.918478965759277,
  "f_schedule": -5.884768009185791,
  "schedule_steps": [
    0,
    3,
    7,
    14,
    18,
    22,
    25,
    26,
    34,
    37,
    43,
    45,
    47,
    53,
    56,
    57
  ],
  "budget": 16,
  "wall_time": 4.354560375213623
}