{
  "j": 28,
  "B": 8,
  "seed": 1238,
  "G": 0.00798797607421875,
  "A": -0.18509542942047116,
  "residual": 0.1930834054946899,
  "f_base": -5.387451648712158,
  "f_schedule": -5.3794636726379395,
  "schedule_steps": [
    1,
    6,
    11,
    33,
    36,
    44,
    48,
    54
  ],
  "budget": 8,
  "wall_time": 4.304163455963135
}