{
  "j": 12,
  "B": 4,
  "seed": 1126,
  "G": 0.49242353439331055,
  "A": 0.040834808349609376,
  "residual": 0.45158872604370115,
  "f_base": -5.506265640258789,
  "f_schedule": -5.0138421058654785,
  "schedule_steps": [
    13,
    14,
    46,
    48
  ],
  "budget": 4,
  "wall_time": 4.230400085449219
}