{
  "j": 6,
  "B": 4,
  "seed": 1084,
  "G": 0.30127763748168945,
  "A": 0.026289248466491704,
  "residual": 0.27498838901519773,
  "f_base": -5.269107341766357,
  "f_schedule": -4.967829704284668,
  "schedule_steps": [
    3,
    13,
    52,
    59
  ],
  "budget": 4,
  "wall_time": 4.228471994400024
}