{
  "j": 1,
  "B": 4,
  "seed": 1049,
  "G": -0.29682207107543945,
  "A": -0.047013163566589355,
  "residual": -0.2498089075088501,
  "f_base": -4.9216485023498535,
  "f_schedule": -5.218470573425293,
  "schedule_steps": [
    16,
    35,
    51,
    57
  ],
  "budget": 4,
  "wall_time": 4.231632471084595
}