{
  "j": 32,
  "B": 16,
  "seed": 1266,
  "G": -0.7603483200073242,
  "A": 0.003956389427185042,
  "residual": -0.7643047094345092,
  "f_base": -5.189514636993408,
  "f_schedule": -5.949862957000732,
  "schedule_steps": [
    4,
    10,
    14,
    15,
    19,
    21,
    27,
    32,
    35,
    36,
    38,
    40,
    41,
    49,
    50,
    60
  ],
  "budget": 16,
  "wall_time": 4.393458366394043
}