{
  "j": 18,
  "B": 8,
  "seed": 1168,
  "G": 0.12213516235351562,
  "A": 0.025497770309448234,
  "residual": 0.09663739204406739,
  "f_base": -5.000592231750488,
  "f_schedule": -4.878457069396973,
  "schedule_steps": [
    11,
    21,
    25,
    31,
    46,
    50,
    60,
    63
  ],
  "budget": 8,
  "wall_time": 4.299360990524292
}