{
  "j": 36,
  "B": 16,
  "seed": 1294,
  "G": -0.48996686935424805,
  "A": -0.18158879280090334,
  "residual": -0.3083780765533447,
  "f_base": -5.489157199859619,
  "f_schedule": -5.979124069213867,
  "schedule_steps": [
    0,
    8,
    9,
    13,
    16,
    21,
    24,
    26,
    31,
    33,
    37,
    50,
    52,
    56,
    57,
    58
  ],
  "budget": 16,
  "wall_time": 4.380393981933594
}