{
  "j": 10,
  "B": 4,
  "seed": 1112,
  "G": -0.35463857650756836,
  "A": -0.1307870864868164,
  "residual": -0.22385149002075197,
  "f_base": -4.6791605949401855,
  "f_schedule": -5.033799171447754,
  "schedule_steps": [
    12,
    26,
    34,
    36
  ],
  "budget": 4,
  "wall_time": 4.228830099105835
}