{
  "j": 20,
  "B": 8,
  "seed": 1182,
  "G": -0.33696842193603516,
  "A": -0.07561626434326171,
  "residual": -0.2613521575927734,
  "f_base": -4.89543342590332,
  "f_schedule": -5.2324018478393555,
  "schedule_steps": [
    20,
    27,
    31,
    38,
    40,
    41,
    43,
    63
  ],
  "budget": 8,
  "wall_time": 4.29519248008728
}