{
  "j": 31,
  "B": 16,
  "seed": 1259,
  "G": -0.7185087203979492,
  "A": -0.32108712196350103,
  "residual": -0.3974215984344482,
  "f_base": -4.630127906799316,
  "f_schedule": -5.348636627197266,
  "schedule_steps": [
    0,
    6,
    7,
    13,
    18,
    20,
    21,
    24,
    26,
    27,
    29,
    30,
    32,
    41,
    56,
    57
  ],
  "budget": 16,
  "wall_time": 4.430483341217041
}