{
  "j": 19,
  "B": 8,
  "seed": 1175,
  "G": 0.0667572021484375,
  "A": -0.08196809291839599,
  "residual": 0.1487252950668335,
  "f_base": -5.128603935241699,
  "f_schedule": -5.061846733093262,
  "schedule_steps": [
    18,
    22,
    27,
    29,
    31,
    32,
    41,
    62
  ],
  "budget": 8,
  "wall_time": 4.301590204238892
}