{
  "j": 13,
  "B": 4,
  "seed": 1133,
  "G": -0.1540231704711914,
  "A": -0.030570578575134278,
  "residual": -0.12345259189605713,
  "f_base": -5.506537437438965,
  "f_schedule": -5.660560607910156,
  "schedule_steps": [
    7,
    26,
    58,
    63
  ],
  "budget": 4,
  "wall_time": 4.2351226806640625
}