{
  "j": 43,
  "B": 16,
  "seed": 1343,
  "G": -0.3332033157348633,
  "A": -0.0877819299697876,
  "residual": -0.24542138576507566,
  "f_base": -4.784712791442871,
  "f_schedule": -5.117916107177734,
  "schedule_steps": [
    2,
    6,
    11,
    17,
    25,
    29,
    30,
    34,
    39,
    44,
    45,
    46,
    47,
    49,
    55,
    61
  ],
  "budget": 16,
  "wall_time": 4.4413535594940186
}