{
  "j": 29,
  "B": 8,
  "seed": 1245,
  "G": 0.8846721649169922,
  "A": -0.12218484878540038,
  "residual": 1.0068570137023927,
  "f_base": -5.886427402496338,
  "f_schedule": -5.001755237579346,
  "schedule_steps": [
    7,
    28,
    45,
    47,
    53,
    56,
    58,
    60
  ],
  "budget": 8,
  "wall_time": 4.258641481399536
}