{
  "spearman": {
    "entropy": {
      "mean": -0.19087668909246283,
      "std": 0.2521984580719089
    },
    "inverse_margin": {
      "mean": -0.19952965733492953,
      "std": 0.23433860325000677
    },
    "quality_mass_proxy": {
      "mean": -0.18519684904167774,
      "std": 0.2463893105657194
    },
    "unmasked_fraction": {
      "mean": 0.0603055335174436,
      "std": 0.3182931394977534
    }
  },
  "policy_G": {
    "4": {
      "uniform": {
        "G": 0.2912208080291748,
        "se": 0.04887968523627897
      },
      "front": {
        "G": -0.048268098831176755,
        "se": 0.07314458558763759
      },
      "back": {
        "G": 0.2462987184524536,
        "se": 0.020498608851690574
      },
      "middle": {
        "G": 0.5590081119537353,
        "se": 0.058396598719507184
      },
      "entropy_top_B": {
        "G": -0.04816689491271973,
        "se": 0.07620572640320115
      },
      "entropy_bot_B": {
        "G": 0.4502878189086914,
        "se": 0.03913167530275424
      },
      "margin_bot_B": {
        "G": 0.4380795097351074,
        "se": 0.04118634332654215
      },
      "quality_bot_B": {
        "G": 0.41774778366088866,
        "se": 0.038462239002342705
      },
      "unmasked_top_B": {
        "G": 0.2462987184524536,
        "se": 0.020498608851690574
      },
      "oracle": {
        "G": 1.31639554977417,
        "se": 0.05754506733950145
      }
    },
    "8": {
      "uniform": {
        "G": 0.6883716583251953,
        "se": 0.07715525097193016
      },
      "front": {
        "G": 0.06917531967163086,
        "se": 0.14159225233012815
      },
      "back": {
        "G": 0.48183283805847166,
        "se": 0.04032952270627343
      },
      "middle": {
        "G": 1.117587261199951,
        "se": 0.1017115993496136
      },
      "entropy_top_B": {
        "G": 0.11487072467803955,
        "se": 0.13951885259209296
      },
      "entropy_bot_B": {
        "G": 0.8873124027252197,
        "se": 0.06756324979341786
      },
      "margin_bot_B": {
        "G": 0.8791615581512451,
        "se": 0.07379339515120578
      },
      "quality_bot_B": {
        "G": 0.8703816843032837,
        "se": 0.07161050844496038
      },
      "unmasked_top_B": {
        "G": 0.48183283805847166,
        "se": 0.04032952270627343
      },
      "oracle": {
        "G": 2.280799779891968,
        "se": 0.09611305703657845
      }
    },
    "16": {
      "uniform": {
        "G": 1.462072596549988,
        "se": 0.1524259263956241
      },
      "front": {
        "G": 0.6606030559539795,
        "se": 0.259441028328493
      },
      "back": {
        "G": 1.09798583984375,
        "se": 0.07886199743144477
      },
      "middle": {
        "G": 2.175853657722473,
        "se": 0.1625365193118559
      },
      "entropy_top_B": {
        "G": 0.6871553516387939,
        "se": 0.23139265417652116
      },
      "entropy_bot_B": {
        "G": 1.7441470289230347,
        "se": 0.12166510606858308
      },
      "margin_bot_B": {
        "G": 1.7828849029541016,
        "se": 0.12820468528262957
      },
      "quality_bot_B": {
        "G": 1.717871799468994,
        "se": 0.11937543626491894
      },
      "unmasked_top_B": {
        "G": 1.09798583984375,
        "se": 0.07886199743144477
      },
      "oracle": {
        "G": 3.7900521516799928,
        "se": 0.16265480177254413
      }
    }
  },
  "mean_delta_profile": [
    -0.025710763931274413,
    -0.012080669403076172,
    -0.019445266723632813,
    0.00896860122680664,
    0.040805692672729495,
    0.016774311065673828,
    0.01969243049621582,
    0.04017098426818848,
    0.038221883773803714,
    0.0700733470916748,
    0.07201128005981446,
    0.10006128311157227,
    0.07634215831756591,
    0.08770188331604004,
    0.09221534729003907,
    0.05480055332183838,
    0.074884033203125,
    0.09834138393402099,
    0.11830480575561524,
    0.09803339958190918,
    0.14178098678588869,
    0.12313489437103271,
    0.12128238677978516,
    0.15697059631347657,
    0.146529598236084,
    0.13540298461914063,
    0.12148705005645752,
    0.15598745346069337,
    0.14676167488098144,
    0.14585006713867188,
    0.14944009780883788,
    0.15055816173553466,
    0.13563212394714355,
    0.12337772846221924,
    0.1298489761352539,
    0.13611843109130858,
    0.12153448581695557,
    0.12007094860076904,
    0.12729300022125245,
    0.12996087551116944,
    0.14618297100067137,
    0.13804044723510742,
    0.12735804080963134,
    0.12421703338623047,
    0.12348875522613526,
    0.11920258522033692,
    0.10325119495391846,
    0.10502800941467286,
    0.10641541481018066,
    0.09233936786651611,
    0.08505485534667968,
    0.07279832363128662,
    0.06421776771545411,
    0.06563639640808105,
    0.06725208282470703,
    0.06243879318237305,
    0.06621639728546143,
    0.05659642219543457,
    0.05619155883789063,
    0.05652974128723145,
    0.05876941680908203,
    0.05793335914611816,
    0.06570870399475098,
    0.06388723850250244
  ]
}