{
  "j": 14,
  "B": 4,
  "seed": 1140,
  "G": 0.03312110900878906,
  "A": 0.11367406845092773,
  "residual": -0.08055295944213867,
  "f_base": -5.32371711730957,
  "f_schedule": -5.290596008300781,
  "schedule_steps": [
    8,
    14,
    17,
    50
  ],
  "budget": 4,
  "wall_time": 4.363802194595337
}