{
  "j": 44,
  "B": 16,
  "seed": 1350,
  "G": -0.02252340316772461,
  "A": -0.16041424274444577,
  "residual": 0.13789083957672116,
  "f_base": -5.709402084350586,
  "f_schedule": -5.7319254875183105,
  "schedule_steps": [
    1,
    2,
    6,
    14,
    15,
    18,
    24,
    25,
    37,
    43,
    44,
    50,
    58,
    59,
    62,
    63
  ],
  "budget": 16,
  "wall_time": 4.538561582565308
}