{
  "j": 26,
  "B": 8,
  "seed": 1224,
  "G": 0.2909688949584961,
  "A": 0.0174644947052002,
  "residual": 0.2735044002532959,
  "f_base": -5.014886379241943,
  "f_schedule": -4.723917484283447,
  "schedule_steps": [
    2,
    16,
    19,
    33,
    39,
    55,
    56,
    60
  ],
  "budget": 8,
  "wall_time": 4.413878440856934
}