{
  "j": 8,
  "B": 4,
  "seed": 1098,
  "G": 0.09985828399658203,
  "A": -0.03990659713745118,
  "residual": 0.1397648811340332,
  "f_base": -5.196662425994873,
  "f_schedule": -5.096804141998291,
  "schedule_steps": [
    23,
    30,
    32,
    41
  ],
  "budget": 4,
  "wall_time": 4.368395805358887
}