{
  "j": 33,
  "B": 16,
  "seed": 1273,
  "G": -0.4872732162475586,
  "A": -0.42953007221221917,
  "residual": -0.05774314403533942,
  "f_base": -5.143163681030273,
  "f_schedule": -5.630436897277832,
  "schedule_steps": [
    0,
    1,
    2,
    7,
    9,
    10,
    11,
    13,
    34,
    36,
    43,
    50,
    53,
    56,
    57,
    62
  ],
  "budget": 16,
  "wall_time": 4.541067600250244
}