{
  "j": 0,
  "B": 4,
  "seed": 1042,
  "G": -0.46263980865478516,
  "A": -0.11885299682617188,
  "residual": -0.34378681182861326,
  "f_base": -5.229173183441162,
  "f_schedule": -5.691812992095947,
  "schedule_steps": [
    0,
    22,
    23,
    45
  ],
  "budget": 4,
  "wall_time": 4.428510665893555
}