{
  "j": 27,
  "B": 8,
  "seed": 1231,
  "G": 0.08947086334228516,
  "A": 0.030648088455200184,
  "residual": 0.05882277488708497,
  "f_base": -5.510748863220215,
  "f_schedule": -5.42127799987793,
  "schedule_steps": [
    5,
    7,
    8,
    23,
    26,
    36,
    44,
    57
  ],
  "budget": 8,
  "wall_time": 4.430280447006226
}