{
  "j": 25,
  "B": 8,
  "seed": 1217,
  "G": -0.2721433639526367,
  "A": -0.14715502262115476,
  "residual": -0.12498834133148196,
  "f_base": -4.745111465454102,
  "f_schedule": -5.017254829406738,
  "schedule_steps": [
    12,
    14,
    25,
    29,
    35,
    47,
    54,
    61
  ],
  "budget": 8,
  "wall_time": 4.430400371551514
}