{
  "j": 2,
  "B": 4,
  "seed": 1056,
  "G": -0.25707292556762695,
  "A": -0.08310794830322267,
  "residual": -0.1739649772644043,
  "f_base": -4.598542213439941,
  "f_schedule": -4.855615139007568,
  "schedule_steps": [
    7,
    10,
    40,
    57
  ],
  "budget": 4,
  "wall_time": 4.374682426452637
}