{
  "j": 40,
  "B": 16,
  "seed": 1322,
  "G": -0.4203357696533203,
  "A": -0.0463775634765625,
  "residual": -0.3739582061767578,
  "f_base": -4.736798286437988,
  "f_schedule": -5.157134056091309,
  "schedule_steps": [
    0,
    3,
    11,
    14,
    19,
    20,
    21,
    22,
    24,
    25,
    39,
    41,
    51,
    53,
    58,
    60
  ],
  "budget": 16,
  "wall_time": 4.514837741851807
}