{
  "j": 3,
  "B": 4,
  "seed": 1063,
  "G": -0.0917048454284668,
  "A": 0.039727950096130366,
  "residual": -0.13143279552459716,
  "f_base": -4.910414218902588,
  "f_schedule": -5.002119064331055,
  "schedule_steps": [
    21,
    25,
    51,
    59
  ],
  "budget": 4,
  "wall_time": 4.375096559524536
}