{
  "j": 23,
  "B": 8,
  "seed": 1203,
  "G": -0.6157011985778809,
  "A": -0.0009923219680786077,
  "residual": -0.6147088766098022,
  "f_base": -4.673817157745361,
  "f_schedule": -5.289518356323242,
  "schedule_steps": [
    3,
    13,
    31,
    36,
    55,
    60,
    61,
    62
  ],
  "budget": 8,
  "wall_time": 4.412030458450317
}