{
  "j": 35,
  "B": 16,
  "seed": 1287,
  "G": -0.6425075531005859,
  "A": -0.4192550659179688,
  "residual": -0.22325248718261714,
  "f_base": -4.86251974105835,
  "f_schedule": -5.5050272941589355,
  "schedule_steps": [
    0,
    1,
    7,
    9,
    12,
    15,
    22,
    25,
    30,
    31,
    36,
    38,
    49,
    53,
    57,
    61
  ],
  "budget": 16,
  "wall_time": 4.567192554473877
}