{
  "j": 15,
  "B": 8,
  "seed": 1147,
  "G": -0.514528751373291,
  "A": -0.03047034740447999,
  "residual": -0.484058403968811,
  "f_base": -4.908705711364746,
  "f_schedule": -5.423234462738037,
  "schedule_steps": [
    15,
    16,
    17,
    20,
    35,
    38,
    42,
    53
  ],
  "budget": 8,
  "wall_time": 4.442388296127319
}