{
  "j": 37,
  "B": 16,
  "seed": 1301,
  "G": 0.27718114852905273,
  "A": -0.18591196537017823,
  "residual": 0.46309311389923097,
  "f_base": -5.407233238220215,
  "f_schedule": -5.130052089691162,
  "schedule_steps": [
    1,
    4,
    7,
    8,
    10,
    12,
    31,
    35,
    37,
    39,
    44,
    49,
    50,
    51,
    53,
    55
  ],
  "budget": 16,
  "wall_time": 4.532813310623169
}