{
  "j": 7,
  "B": 4,
  "seed": 1091,
  "G": 0.45149707794189453,
  "A": 0.15829854011535646,
  "residual": 0.29319853782653804,
  "f_base": -5.396141529083252,
  "f_schedule": -4.944644451141357,
  "schedule_steps": [
    4,
    9,
    25,
    36
  ],
  "budget": 4,
  "wall_time": 4.38245153427124
}