{
  "j": 24,
  "B": 8,
  "seed": 1210,
  "G": 0.23925065994262695,
  "A": 0.006096792221069333,
  "residual": 0.2331538677215576,
  "f_base": -5.1887898445129395,
  "f_schedule": -4.9495391845703125,
  "schedule_steps": [
    8,
    10,
    16,
    18,
    19,
    34,
    58,
    62
  ],
  "budget": 8,
  "wall_time": 4.421670913696289
}