{
  "j": 41,
  "B": 16,
  "seed": 1329,
  "G": -0.31102514266967773,
  "A": -0.41641957759857184,
  "residual": 0.10539443492889411,
  "f_base": -5.620680332183838,
  "f_schedule": -5.931705474853516,
  "schedule_steps": [
    0,
    5,
    6,
    11,
    12,
    14,
    16,
    20,
    25,
    30,
    32,
    37,
    38,
    39,
    42,
    50
  ],
  "budget": 16,
  "wall_time": 4.55466103553772
}