{
  "j": 42,
  "B": 16,
  "seed": 1336,
  "G": -0.08492136001586914,
  "A": 0.09036991596221924,
  "residual": -0.17529127597808838,
  "f_base": -5.341780662536621,
  "f_schedule": -5.42670202255249,
  "schedule_steps": [
    4,
    14,
    15,
    16,
    22,
    23,
    24,
    29,
    36,
    40,
    46,
    50,
    52,
    56,
    62,
    63
  ],
  "budget": 16,
  "wall_time": 4.56490159034729
}