{
  "j": 5,
  "B": 4,
  "seed": 1077,
  "G": 0.04852294921875,
  "A": 0.041130781173706055,
  "residual": 0.007392168045043945,
  "f_base": -5.179319381713867,
  "f_schedule": -5.130796432495117,
  "schedule_steps": [
    3,
    44,
    51,
    57
  ],
  "budget": 4,
  "wall_time": 4.385202169418335
}