{
  "j": 16,
  "B": 8,
  "seed": 1154,
  "G": -1.382922649383545,
  "A": -0.29402141571044926,
  "residual": -1.0889012336730957,
  "f_base": -4.859376430511475,
  "f_schedule": -6.2422990798950195,
  "schedule_steps": [
    0,
    1,
    8,
    20,
    23,
    26,
    38,
    56
  ],
  "budget": 8,
  "wall_time": 4.436704158782959
}