{
  "j": 11,
  "B": 4,
  "seed": 1119,
  "G": -0.5350856781005859,
  "A": 0.04995105266571045,
  "residual": -0.5850367307662964,
  "f_base": -4.869326114654541,
  "f_schedule": -5.404411792755127,
  "schedule_steps": [
    2,
    44,
    48,
    52
  ],
  "budget": 4,
  "wall_time": 4.352769136428833
}