{
  "j": 21,
  "B": 8,
  "seed": 1189,
  "G": 0.7494010925292969,
  "A": -0.09326465129852295,
  "residual": 0.8426657438278198,
  "f_base": -5.4368391036987305,
  "f_schedule": -4.687438011169434,
  "schedule_steps": [
    2,
    6,
    9,
    10,
    28,
    29,
    48,
    62
  ],
  "budget": 8,
  "wall_time": 4.444267511367798
}