{
  "j": 30,
  "B": 16,
  "seed": 1252,
  "G": -0.748507022857666,
  "A": -0.19810900688171384,
  "residual": -0.5503980159759522,
  "f_base": -4.910678386688232,
  "f_schedule": -5.659185409545898,
  "schedule_steps": [
    1,
    3,
    9,
    12,
    13,
    18,
    23,
    24,
    32,
    34,
    39,
    40,
    47,
    52,
    56,
    62
  ],
  "budget": 16,
  "wall_time": 4.5816874504089355
}