{
  "j": 9,
  "B": 4,
  "seed": 1105,
  "G": -0.04873228073120117,
  "A": -0.046843767166137695,
  "residual": -0.0018885135650634766,
  "f_base": -4.748907089233398,
  "f_schedule": -4.7976393699646,
  "schedule_steps": [
    33,
    40,
    58,
    62
  ],
  "budget": 4,
  "wall_time": 4.357104063034058
}