{
  "j": 22,
  "B": 8,
  "seed": 1196,
  "G": 0.01376485824584961,
  "A": -0.0002063035964965836,
  "residual": 0.013971161842346192,
  "f_base": -5.418826103210449,
  "f_schedule": -5.4050612449646,
  "schedule_steps": [
    2,
    5,
    8,
    17,
    18,
    34,
    43,
    46
  ],
  "budget": 8,
  "wall_time": 4.435487508773804
}