{
  "j": 22,
  "B": 8,
  "seed": 1196,
  "G": 0.0,
  "A": 0.0,
  "residual": 0.0,
  "f_base": -5.1867547035217285,
  "f_schedule": -5.1867547035217285,
  "schedule_steps": [
    2,
    5,
    8,
    17,
    18,
    34,
    43,
    46
  ],
  "budget": 8,
  "wall_time": 4.861322402954102
}