{
  "j": 43,
  "B": 16,
  "seed": 1343,
  "G": 0.0,
  "A": 0.0,
  "residual": 0.0,
  "f_base": -5.388033390045166,
  "f_schedule": -5.388033390045166,
  "schedule_steps": [
    2,
    6,
    11,
    17,
    25,
    29,
    30,
    34,
    39,
    44,
    45,
    46,
    47,
    49,
    55,
    61
  ],
  "budget": 16,
  "wall_time": 5.2553489208221436
}