{
  "j": 15,
  "B": 8,
  "seed": 1147,
  "G": 0.0,
  "A": 0.0,
  "residual": 0.0,
  "f_base": -4.843105792999268,
  "f_schedule": -4.843105792999268,
  "schedule_steps": [
    15,
    16,
    17,
    20,
    35,
    38,
    42,
    53
  ],
  "budget": 8,
  "wall_time": 4.88046669960022
}