{
  "j": 37,
  "B": 16,
  "seed": 1301,
  "G": 0.0,
  "A": 0.0,
  "residual": 0.0,
  "f_base": -5.549585342407227,
  "f_schedule": -5.549585342407227,
  "schedule_steps": [
    1,
    4,
    7,
    8,
    10,
    12,
    31,
    35,
    37,
    39,
    44,
    49,
    50,
    51,
    53,
    55
  ],
  "budget": 16,
  "wall_time": 5.286023855209351
}