{
  "j": 29,
  "B": 8,
  "seed": 1245,
  "G": 0.0,
  "A": 0.0,
  "residual": 0.0,
  "f_base": -4.800447940826416,
  "f_schedule": -4.800447940826416,
  "schedule_steps": [
    7,
    28,
    45,
    47,
    53,
    56,
    58,
    60
  ],
  "budget": 8,
  "wall_time": 4.864575624465942
}