{
  "j": 0,
  "B": 4,
  "seed": 1042,
  "G": 0.0,
  "A": 0.0,
  "residual": 0.0,
  "f_base": -4.8053364753723145,
  "f_schedule": -4.8053364753723145,
  "schedule_steps": [
    0,
    22,
    23,
    45
  ],
  "budget": 4,
  "wall_time": 4.674572706222534
}