{
  "j": 11,
  "B": 4,
  "seed": 1119,
  "G": 0.0,
  "A": 0.0,
  "residual": 0.0,
  "f_base": -5.012903690338135,
  "f_schedule": -5.012903690338135,
  "schedule_steps": [
    2,
    44,
    48,
    52
  ],
  "budget": 4,
  "wall_time": 4.675030946731567
}