{
  "j": 2,
  "B": 4,
  "seed": 1056,
  "G": 0.0,
  "A": 0.0,
  "residual": 0.0,
  "f_base": -5.116660118103027,
  "f_schedule": -5.116660118103027,
  "schedule_steps": [
    7,
    10,
    40,
    57
  ],
  "budget": 4,
  "wall_time": 4.669047594070435
}