{
  "j": 40,
  "B": 16,
  "seed": 1322,
  "G": 0.0,
  "A": 0.0,
  "residual": 0.0,
  "f_base": -5.228696346282959,
  "f_schedule": -5.228696346282959,
  "schedule_steps": [
    0,
    3,
    11,
    14,
    19,
    20,
    21,
    22,
    24,
    25,
    39,
    41,
    51,
    53,
    58,
    60
  ],
  "budget": 16,
  "wall_time": 5.286186933517456
}