{
  "j": 23,
  "B": 8,
  "seed": 1203,
  "G": 0.0,
  "A": 0.0,
  "residual": 0.0,
  "f_base": -4.521647930145264,
  "f_schedule": -4.521647930145264,
  "schedule_steps": [
    3,
    13,
    31,
    36,
    55,
    60,
    61,
    62
  ],
  "budget": 8,
  "wall_time": 4.858706474304199
}