{
  "j": 4,
  "B": 4,
  "seed": 1070,
  "G": 0.0,
  "A": 0.0,
  "residual": 0.0,
  "f_base": -5.1425580978393555,
  "f_schedule": -5.1425580978393555,
  "schedule_steps": [
    7,
    13,
    44,
    62
  ],
  "budget": 4,
  "wall_time": 4.6682915687561035
}