{
  "j": 6,
  "B": 4,
  "seed": 1084,
  "G": 0.0,
  "A": 0.0,
  "residual": 0.0,
  "f_base": -4.939703464508057,
  "f_schedule": -4.939703464508057,
  "schedule_steps": [
    3,
    13,
    52,
    59
  ],
  "budget": 4,
  "wall_time": 4.674529790878296
}