{
  "j": 30,
  "B": 16,
  "seed": 1252,
  "G": 0.0,
  "A": 0.0,
  "residual": 0.0,
  "f_base": -5.051006317138672,
  "f_schedule": -5.051006317138672,
  "schedule_steps": [
    1,
    3,
    9,
    12,
    13,
    18,
    23,
    24,
    32,
    34,
    39,
    40,
    47,
    52,
    56,
    62
  ],
  "budget": 16,
  "wall_time": 5.277129173278809
}