{
  "j": 16,
  "B": 8,
  "seed": 1154,
  "G": 0.0,
  "A": 0.0,
  "residual": 0.0,
  "f_base": -4.942927360534668,
  "f_schedule": -4.942927360534668,
  "schedule_steps": [
    0,
    1,
    8,
    20,
    23,
    26,
    38,
    56
  ],
  "budget": 8,
  "wall_time": 4.87634539604187
}