{
  "j": 12,
  "B": 4,
  "seed": 1126,
  "G": 0.0,
  "A": 0.0,
  "residual": 0.0,
  "f_base": -5.145308971405029,
  "f_schedule": -5.145308971405029,
  "schedule_steps": [
    13,
    14,
    46,
    48
  ],
  "budget": 4,
  "wall_time": 4.6729490756988525
}