{
  "j": 38,
  "B": 16,
  "seed": 1308,
  "G": 0.0,
  "A": 0.0,
  "residual": 0.0,
  "f_base": -5.404851913452148,
  "f_schedule": -5.404851913452148,
  "schedule_steps": [
    0,
    4,
    6,
    13,
    16,
    19,
    23,
    26,
    29,
    41,
    43,
    44,
    53,
    54,
    60,
    63
  ],
  "budget": 16,
  "wall_time": 5.288712501525879
}