{
  "j": 35,
  "B": 16,
  "seed": 1287,
  "G": 0.0,
  "A": 0.0,
  "residual": 0.0,
  "f_base": -5.028738975524902,
  "f_schedule": -5.028738975524902,
  "schedule_steps": [
    0,
    1,
    7,
    9,
    12,
    15,
    22,
    25,
    30,
    31,
    36,
    38,
    49,
    53,
    57,
    61
  ],
  "budget": 16,
  "wall_time": 5.267426013946533
}