{
  "j": 36,
  "B": 16,
  "seed": 1294,
  "G": 0.0,
  "A": 0.0,
  "residual": 0.0,
  "f_base": -4.621059417724609,
  "f_schedule": -4.621059417724609,
  "schedule_steps": [
    0,
    8,
    9,
    13,
    16,
    21,
    24,
    26,
    31,
    33,
    37,
    50,
    52,
    56,
    57,
    58
  ],
  "budget": 16,
  "wall_time": 5.278762340545654
}