{
  "j": 14,
  "B": 4,
  "seed": 1140,
  "G": 0.0,
  "A": 0.0,
  "residual": 0.0,
  "f_base": -4.757167339324951,
  "f_schedule": -4.757167339324951,
  "schedule_steps": [
    8,
    14,
    17,
    50
  ],
  "budget": 4,
  "wall_time": 4.685972690582275
}