{
  "j": 9,
  "B": 4,
  "seed": 1105,
  "G": 0.0,
  "A": 0.0,
  "residual": 0.0,
  "f_base": -4.840926170349121,
  "f_schedule": -4.840926170349121,
  "schedule_steps": [
    33,
    40,
    58,
    62
  ],
  "budget": 4,
  "wall_time": 4.6630425453186035
}