{
  "j": 18,
  "B": 8,
  "seed": 1168,
  "G": 0.0,
  "A": 0.0,
  "residual": 0.0,
  "f_base": -5.119494438171387,
  "f_schedule": -5.119494438171387,
  "schedule_steps": [
    11,
    21,
    25,
    31,
    46,
    50,
    60,
    63
  ],
  "budget": 8,
  "wall_time": 4.874862432479858
}