{
  "j": 8,
  "B": 4,
  "seed": 1098,
  "G": 0.0,
  "A": 0.0,
  "residual": 0.0,
  "f_base": -5.508560657501221,
  "f_schedule": -5.508560657501221,
  "schedule_steps": [
    23,
    30,
    32,
    41
  ],
  "budget": 4,
  "wall_time": 4.656754970550537
}