{
  "j": 31,
  "B": 16,
  "seed": 1259,
  "G": 0.0,
  "A": 0.0,
  "residual": 0.0,
  "f_base": -4.949642181396484,
  "f_schedule": -4.949642181396484,
  "schedule_steps": [
    0,
    6,
    7,
    13,
    18,
    20,
    21,
    24,
    26,
    27,
    29,
    30,
    32,
    41,
    56,
    57
  ],
  "budget": 16,
  "wall_time": 5.2666916847229
}