{
  "j": 44,
  "B": 16,
  "seed": 1350,
  "G": 0.0,
  "A": 0.0,
  "residual": 0.0,
  "f_base": -5.319171905517578,
  "f_schedule": -5.319171905517578,
  "schedule_steps": [
    1,
    2,
    6,
    14,
    15,
    18,
    24,
    25,
    37,
    43,
    44,
    50,
    58,
    59,
    62,
    63
  ],
  "budget": 16,
  "wall_time": 5.251601457595825
}