{
  "j": 26,
  "B": 8,
  "seed": 1224,
  "G": 0.0,
  "A": 0.0,
  "residual": 0.0,
  "f_base": -4.732443332672119,
  "f_schedule": -4.732443332672119,
  "schedule_steps": [
    2,
    16,
    19,
    33,
    39,
    55,
    56,
    60
  ],
  "budget": 8,
  "wall_time": 4.864754676818848
}