{
  "j": 28,
  "B": 8,
  "seed": 1238,
  "G": 0.0,
  "A": 0.0,
  "residual": 0.0,
  "f_base": -5.379446983337402,
  "f_schedule": -5.379446983337402,
  "schedule_steps": [
    1,
    6,
    11,
    33,
    36,
    44,
    48,
    54
  ],
  "budget": 8,
  "wall_time": 4.855576038360596
}