{
  "j": 19,
  "B": 8,
  "seed": 1175,
  "G": 0.0,
  "A": 0.0,
  "residual": 0.0,
  "f_base": -5.118919849395752,
  "f_schedule": -5.118919849395752,
  "schedule_steps": [
    18,
    22,
    27,
    29,
    31,
    32,
    41,
    62
  ],
  "budget": 8,
  "wall_time": 4.866694450378418
}