{
  "j": 24,
  "B": 8,
  "seed": 1210,
  "G": 0.0,
  "A": 0.0,
  "residual": 0.0,
  "f_base": -5.2729363441467285,
  "f_schedule": -5.2729363441467285,
  "schedule_steps": [
    8,
    10,
    16,
    18,
    19,
    34,
    58,
    62
  ],
  "budget": 8,
  "wall_time": 4.860978126525879
}