{
  "j": 33,
  "B": 16,
  "seed": 1273,
  "G": 0.0,
  "A": 0.0,
  "residual": 0.0,
  "f_base": -5.683746814727783,
  "f_schedule": -5.683746814727783,
  "schedule_steps": [
    0,
    1,
    2,
    7,
    9,
    10,
    11,
    13,
    34,
    36,
    43,
    50,
    53,
    56,
    57,
    62
  ],
  "budget": 16,
  "wall_time": 5.2657859325408936
}