{
  "j": 7,
  "B": 4,
  "seed": 1091,
  "G": 0.0,
  "A": 0.0,
  "residual": 0.0,
  "f_base": -5.11514139175415,
  "f_schedule": -5.11514139175415,
  "schedule_steps": [
    4,
    9,
    25,
    36
  ],
  "budget": 4,
  "wall_time": 4.657501220703125
}