{
  "j": 41,
  "B": 16,
  "seed": 1329,
  "G": 0.0,
  "A": 0.0,
  "residual": 0.0,
  "f_base": -5.4618000984191895,
  "f_schedule": -5.4618000984191895,
  "schedule_steps": [
    0,
    5,
    6,
    11,
    12,
    14,
    16,
    20,
    25,
    30,
    32,
    37,
    38,
    39,
    42,
    50
  ],
  "budget": 16,
  "wall_time": 5.280433893203735
}