{
  "j": 27,
  "B": 8,
  "seed": 1231,
  "G": 0.0,
  "A": 0.0,
  "residual": 0.0,
  "f_base": -5.21038818359375,
  "f_schedule": -5.21038818359375,
  "schedule_steps": [
    5,
    7,
    8,
    23,
    26,
    36,
    44,
    57
  ],
  "budget": 8,
  "wall_time": 4.859226226806641
}