{
  "j": 17,
  "B": 8,
  "seed": 1161,
  "G": 0.0,
  "A": 0.0,
  "residual": 0.0,
  "f_base": -5.310116767883301,
  "f_schedule": -5.310116767883301,
  "schedule_steps": [
    9,
    18,
    20,
    21,
    39,
    41,
    42,
    51
  ],
  "budget": 8,
  "wall_time": 4.87424111366272
}