{
  "j": 20,
  "B": 8,
  "seed": 1182,
  "G": 0.0,
  "A": 0.0,
  "residual": 0.0,
  "f_base": -5.002438068389893,
  "f_schedule": -5.002438068389893,
  "schedule_steps": [
    20,
    27,
    31,
    38,
    40,
    41,
    43,
    63
  ],
  "budget": 8,
  "wall_time": 4.860174655914307
}