{
  "j": 1,
  "B": 4,
  "seed": 1049,
  "G": 0.0,
  "A": 0.0,
  "residual": 0.0,
  "f_base": -5.064164638519287,
  "f_schedule": -5.064164638519287,
  "schedule_steps": [
    16,
    35,
    51,
    57
  ],
  "budget": 4,
  "wall_time": 4.669285774230957
}