{
  "j": 13,
  "B": 4,
  "seed": 1133,
  "G": 0.0,
  "A": 0.0,
  "residual": 0.0,
  "f_base": -4.860156536102295,
  "f_schedule": -4.860156536102295,
  "schedule_steps": [
    7,
    26,
    58,
    63
  ],
  "budget": 4,
  "wall_time": 4.678585529327393
}