{
  "j": 5,
  "B": 4,
  "seed": 1077,
  "G": 0.0,
  "A": 0.0,
  "residual": 0.0,
  "f_base": -5.258213520050049,
  "f_schedule": -5.258213520050049,
  "schedule_steps": [
    3,
    44,
    51,
    57
  ],
  "budget": 4,
  "wall_time": 4.675695419311523
}