{
  "j": 3,
  "B": 4,
  "seed": 1063,
  "G": 0.0,
  "A": 0.0,
  "residual": 0.0,
  "f_base": -5.729470729827881,
  "f_schedule": -5.729470729827881,
  "schedule_steps": [
    21,
    25,
    51,
    59
  ],
  "budget": 4,
  "wall_time": 4.673242807388306
}