{
  "j": 25,
  "B": 8,
  "seed": 1217,
  "G": 0.0,
  "A": 0.0,
  "residual": 0.0,
  "f_base": -5.323530673980713,
  "f_schedule": -5.323530673980713,
  "schedule_steps": [
    12,
    14,
    25,
    29,
    35,
    47,
    54,
    61
  ],
  "budget": 8,
  "wall_time": 4.862743377685547
}