{
  "j": 34,
  "B": 16,
  "seed": 1280,
  "G": 0.0,
  "A": 0.0,
  "residual": 0.0,
  "f_base": -5.049816608428955,
  "f_schedule": -5.049816608428955,
  "schedule_steps": [
    1,
    18,
    22,
    34,
    36,
    38,
    40,
    41,
    42,
    43,
    47,
    49,
    50,
    55,
    56,
    60
  ],
  "budget": 16,
  "wall_time": 5.265022277832031
}