{
  "j": 10,
  "B": 4,
  "seed": 1112,
  "G": 0.0,
  "A": 0.0,
  "residual": 0.0,
  "f_base": -5.238703727722168,
  "f_schedule": -5.238703727722168,
  "schedule_steps": [
    12,
    26,
    34,
    36
  ],
  "budget": 4,
  "wall_time": 4.67535400390625
}