{
  "j": 32,
  "B": 16,
  "seed": 1266,
  "G": 0.0,
  "A": 0.0,
  "residual": 0.0,
  "f_base": -4.884507179260254,
  "f_schedule": -4.884507179260254,
  "schedule_steps": [
    4,
    10,
    14,
    15,
    19,
    21,
    27,
    32,
    35,
    36,
    38,
    40,
    41,
    49,
    50,
    60
  ],
  "budget": 16,
  "wall_time": 5.266037940979004
}