{
  "j": 39,
  "B": 16,
  "seed": 1315,
  "G": 0.0,
  "A": 0.0,
  "residual": 0.0,
  "f_base": -5.053040504455566,
  "f_schedule": -5.053040504455566,
  "schedule_steps": [
    0,
    3,
    7,
    14,
    18,
    22,
    25,
    26,
    34,
    37,
    43,
    45,
    47,
    53,
    56,
    57
  ],
  "budget": 16,
  "wall_time": 5.285093307495117
}