{
  "j": 21,
  "B": 8,
  "seed": 1189,
  "G": 0.0,
  "A": 0.0,
  "residual": 0.0,
  "f_base": -5.3737053871154785,
  "f_schedule": -5.3737053871154785,
  "schedule_steps": [
    2,
    6,
    9,
    10,
    28,
    29,
    48,
    62
  ],
  "budget": 8,
  "wall_time": 4.859398603439331
}