{
  "j": 42,
  "B": 16,
  "seed": 1336,
  "G": 0.0,
  "A": 0.0,
  "residual": 0.0,
  "f_base": -4.706729412078857,
  "f_schedule": -4.706729412078857,
  "schedule_steps": [
    4,
    14,
    15,
    16,
    22,
    23,
    24,
    29,
    36,
    40,
    46,
    50,
    52,
    56,
    62,
    63
  ],
  "budget": 16,
  "wall_time": 5.278375625610352
}