{
  "method": "beam_search_AG",
  "n_missing_pair_keys": 0,
  "missing_pair_keys": [],
  "per_B": {
    "2": {
      "B": 2,
      "n_pairs": 30,
      "seeds": [
        42,
        46,
        50,
        54,
        58,
        62,
        66,
        70,
        43,
        47,
        51,
        55,
        59,
        63,
        67,
        71,
        44,
        48,
        52,
        56,
        60,
        64,
        68,
        45,
        49,
        53,
        57,
        61,
        65,
        69
      ],
      "G_method": [
        0.3193516731262207,
        0.637876033782959,
        0.325559139251709,
        0.344449520111084,
        0.19813871383666992,
        0.24808073043823242,
        0.34194231033325195,
        0.1699514389038086,
        0.3579416275024414,
        0.6404337882995605,
        0.4850735664367676,
        0.6022887229919434,
        0.32102012634277344,
        0.39180564880371094,
        0.41134214401245117,
        0.47036170959472656,
        0.2142167091369629,
        0.2812514305114746,
        0.4246044158935547,
        0.26161956787109375,
        0.22956180572509766,
        0.20748186111450195,
        0.2788200378417969,
        0.5846357345581055,
        0.6792879104614258,
        0.4959278106689453,
        0.3362007141113281,
        0.4748353958129883,
        0.5605258941650391,
        0.7737331390380859
      ],
      "G_uniform": [
        0.31563663482666016,
        0.37187862396240234,
        0.153228759765625,
        -0.6445736885070801,
        0.18027687072753906,
        0.08151054382324219,
        0.00788259506225586,
        0.14777517318725586,
        0.11564254760742188,
        0.005046367645263672,
        0.22793054580688477,
        0.1955270767211914,
        0.13525819778442383,
        0.008682727813720703,
        0.3284153938293457,
        0.254150390625,
        -0.09584188461303711,
        -0.015009403228759766,
        0.22964954376220703,
        0.07251501083374023,
        0.13410186767578125,
        0.06678199768066406,
        0.4147524833679199,
        0.18936681747436523,
        0.12360954284667969,
        0.09448909759521484,
        0.01887226104736328,
        0.12579917907714844,
        0.13882923126220703,
        0.019100666046142578
      ],
      "diffs": [
        0.003715038299560547,
        0.26599740982055664,
        0.17233037948608398,
        0.9890232086181641,
        0.01786184310913086,
        0.16657018661499023,
        0.3340597152709961,
        0.022176265716552734,
        0.24229907989501953,
        0.6353874206542969,
        0.2571430206298828,
        0.40676164627075195,
        0.1857619285583496,
        0.38312292098999023,
        0.08292675018310547,
        0.21621131896972656,
        0.31005859375,
        0.2962608337402344,
        0.19495487213134766,
        0.18910455703735352,
        0.0954599380493164,
        0.1406998634338379,
        -0.13593244552612305,
        0.39526891708374023,
        0.5556783676147461,
        0.40143871307373047,
        0.31732845306396484,
        0.34903621673583984,
        0.42169666290283203,
        0.7546324729919434
      ],
      "mean_diff": 0.28890113830566405,
      "se_diff": 0.042138798498969336,
      "ci_lo": 0.20851386427879334,
      "ci_hi": 0.373548926115036,
      "verdict": "PASS"
    },
    "3": {
      "B": 3,
      "n_pairs": 30,
      "seeds": [
        42,
        46,
        50,
        54,
        58,
        62,
        66,
        70,
        43,
        47,
        51,
        55,
        59,
        63,
        67,
        71,
        44,
        48,
        52,
        56,
        60,
        64,
        68,
        45,
        49,
        53,
        57,
        61,
        65,
        69
      ],
      "G_method": [
        0.20612525939941406,
        0.5913887023925781,
        0.2789626121520996,
        0.3799629211425781,
        0.24552488327026367,
        0.2428879737854004,
        0.27869081497192383,
        0.35070276260375977,
        0.5056896209716797,
        0.8545083999633789,
        0.5648460388183594,
        0.6189055442810059,
        0.42853355407714844,
        0.4131016731262207,
        0.45909643173217773,
        0.611452579498291,
        0.2398700714111328,
        0.4191155433654785,
        0.5266366004943848,
        0.6156520843505859,
        0.3040752410888672,
        0.19020557403564453,
        0.2886967658996582,
        0.5680513381958008,
        0.7500019073486328,
        0.6755833625793457,
        0.3924741744995117,
        0.3145771026611328,
        0.6055154800415039,
        0.9194655418395996
      ],
      "G_uniform": [
        0.4915497303009033,
        0.32103395462036133,
        0.10491752624511719,
        -0.4274587631225586,
        0.2893037796020508,
        0.2819361686706543,
        0.24349594116210938,
        0.0838022232055664,
        0.05920553207397461,
        0.08932781219482422,
        0.22566747665405273,
        0.29991579055786133,
        0.042415618896484375,
        0.07384252548217773,
        0.33995580673217773,
        0.5098328590393066,
        0.11978960037231445,
        0.3038806915283203,
        0.4380002021789551,
        0.19731998443603516,
        0.3429422378540039,
        0.18977880477905273,
        0.33551883697509766,
        0.19976806640625,
        0.20573759078979492,
        0.12920236587524414,
        0.08152246475219727,
        0.2497563362121582,
        0.4701662063598633,
        -0.005637645721435547
      ],
      "diffs": [
        -0.28542447090148926,
        0.2703547477722168,
        0.17404508590698242,
        0.8074216842651367,
        -0.04377889633178711,
        -0.039048194885253906,
        0.03519487380981445,
        0.26690053939819336,
        0.4464840888977051,
        0.7651805877685547,
        0.33917856216430664,
        0.31898975372314453,
        0.38611793518066406,
        0.33925914764404297,
        0.119140625,
        0.10161972045898438,
        0.12008047103881836,
        0.1152348518371582,
        0.08863639831542969,
        0.4183320999145508,
        -0.03886699676513672,
        0.0004267692565917969,
        -0.04682207107543945,
        0.3682832717895508,
        0.5442643165588379,
        0.5463809967041016,
        0.31095170974731445,
        0.06482076644897461,
        0.13534927368164062,
        0.9251031875610352
      ],
      "mean_diff": 0.2517936944961548,
      "se_diff": 0.05052279804647785,
      "ci_lo": 0.15838048358758292,
      "ci_hi": 0.3519496476650238,
      "verdict": "PASS"
    },
    "4": {
      "B": 4,
      "n_pairs": 30,
      "seeds": [
        42,
        46,
        50,
        54,
        58,
        62,
        66,
        70,
        43,
        47,
        51,
        55,
        59,
        63,
        67,
        71,
        44,
        48,
        52,
        56,
        60,
        64,
        68,
        45,
        49,
        53,
        57,
        61,
        65,
        69
      ],
      "G_method": [
        0.37878990173339844,
        0.7929325103759766,
        0.4093594551086426,
        0.37389421463012695,
        0.23391246795654297,
        0.4346628189086914,
        0.30018186569213867,
        0.3835759162902832,
        0.47423696517944336,
        0.8422503471374512,
        0.3677244186401367,
        0.8910398483276367,
        0.5722746849060059,
        0.4127063751220703,
        0.6762967109680176,
        0.5797829627990723,
        0.26621532440185547,
        0.5600676536560059,
        0.16941261291503906,
        0.7053565979003906,
        0.32930850982666016,
        0.16752243041992188,
        0.4336061477661133,
        0.5734925270080566,
        0.9000718593597412,
        0.6065921783447266,
        0.3432455062866211,
        0.35901832580566406,
        0.49975013732910156,
        1.0203742980957031
      ],