{
  "method": "coordinate_descent_G",
  "n_missing_pair_keys": 0,
  "missing_pair_keys": [],
  "per_B": {
    "2": {
      "B": 2,
      "n_pairs": 30,
      "seeds": [
        42,
        46,
        50,
        54,
        58,
        62,
        66,
        70,
        43,
        47,
        51,
        55,
        59,
        63,
        67,
        71,
        44,
        48,
        52,
        56,
        60,
        64,
        68,
        45,
        49,
        53,
        57,
        61,
        65,
        69
      ],
      "G_method": [
        0.5596475601196289,
        0.7397956848144531,
        0.5581555366516113,
        0.39939403533935547,
        0.4797172546386719,
        0.34797191619873047,
        0.3705558776855469,
        0.24374628067016602,
        0.5284719467163086,
        0.6578168869018555,
        0.33965253829956055,
        0.7845335006713867,
        0.4598231315612793,
        0.3470621109008789,
        0.4125218391418457,
        0.5993733406066895,
        0.36828136444091797,
        0.48810720443725586,
        0.4208402633666992,
        0.7552862167358398,
        0.36486291885375977,
        0.22242975234985352,
        0.35806703567504883,
        0.47606611251831055,
        0.5669794082641602,
        0.4909682273864746,
        0.2423248291015625,
        0.4748353958129883,
        0.46726512908935547,
        0.5501308441162109
      ],
      "G_uniform": [
        0.31563663482666016,
        0.37187862396240234,
        0.153228759765625,
        -0.6445736885070801,
        0.18027687072753906,
        0.08151054382324219,
        0.00788259506225586,
        0.14777517318725586,
        0.11564254760742188,
        0.005046367645263672,
        0.22793054580688477,
        0.1955270767211914,
        0.13525819778442383,
        0.008682727813720703,
        0.3284153938293457,
        0.254150390625,
        -0.09584188461303711,
        -0.015009403228759766,
        0.22964954376220703,
        0.07251501083374023,
        0.13410186767578125,
        0.06678199768066406,
        0.4147524833679199,
        0.18936681747436523,
        0.12360954284667969,
        0.09448909759521484,
        0.01887226104736328,
        0.12579917907714844,
        0.13882923126220703,
        0.019100666046142578
      ],
      "diffs": [
        0.24401092529296875,
        0.3679170608520508,
        0.40492677688598633,
        1.0439677238464355,
        0.2994403839111328,
        0.2664613723754883,
        0.362673282623291,
        0.09597110748291016,
        0.4128293991088867,
        0.6527705192565918,
        0.11172199249267578,
        0.5890064239501953,
        0.32456493377685547,
        0.3383793830871582,
        0.0841064453125,
        0.34522294998168945,
        0.4641232490539551,
        0.5031166076660156,
        0.1911907196044922,
        0.6827712059020996,
        0.23076105117797852,
        0.15564775466918945,
        -0.056685447692871094,
        0.2866992950439453,
        0.44336986541748047,
        0.39647912979125977,
        0.22345256805419922,
        0.34903621673583984,
        0.32843589782714844,
        0.5310301780700684
      ],
      "mean_diff": 0.3557799657185872,
      "se_diff": 0.03872027680227564,
      "ci_lo": 0.2838999259471893,
      "ci_hi": 0.43208628654479975,
      "verdict": "PASS"
    },
    "3": {
      "B": 3,
      "n_pairs": 30,
      "seeds": [
        42,
        46,
        50,
        54,
        58,
        62,
        66,
        70,
        43,
        47,
        51,
        55,
        59,
        63,
        67,
        71,
        44,
        48,
        52,
        56,
        60,
        64,
        68,
        45,
        49,
        53,
        57,
        61,
        65,
        69
      ],
      "G_method": [
        0.5306539535522461,
        0.6393351554870605,
        0.5910511016845703,
        0.5893087387084961,
        0.4028029441833496,
        0.44088220596313477,
        0.498629093170166,
        0.4523768424987793,
        0.6258735656738281,
        0.6771965026855469,
        0.43442296981811523,
        0.7858891487121582,
        0.5416116714477539,
        0.60140061378479,
        0.46305418014526367,
        0.6345415115356445,
        0.38384437561035156,
        0.29395437240600586,
        0.317476749420166,
        0.8619823455810547,
        0.54429030418396,
        0.21145105361938477,
        0.3728971481323242,
        0.5334019660949707,
        0.48508310317993164,
        0.7296159267425537,
        0.5187110900878906,
        0.5284919738769531,
        0.6308903694152832,
        0.7669563293457031
      ],
      "G_uniform": [
        0.4915497303009033,
        0.32103395462036133,
        0.10491752624511719,
        -0.4274587631225586,
        0.2893037796020508,
        0.2819361686706543,
        0.24349594116210938,
        0.0838022232055664,
        0.05920553207397461,
        0.08932781219482422,
        0.22566747665405273,
        0.29991579055786133,
        0.042415618896484375,
        0.07384252548217773,
        0.33995580673217773,
        0.5098328590393066,
        0.11978960037231445,
        0.3038806915283203,
        0.4380002021789551,
        0.19731998443603516,
        0.3429422378540039,
        0.18977880477905273,
        0.33551883697509766,
        0.19976806640625,
        0.20573759078979492,
        0.12920236587524414,
        0.08152246475219727,
        0.2497563362121582,
        0.4701662063598633,
        -0.005637645721435547
      ],
      "diffs": [
        0.03910422325134277,
        0.3183012008666992,
        0.4861335754394531,
        1.0167675018310547,
        0.11349916458129883,
        0.15894603729248047,
        0.25513315200805664,
        0.3685746192932129,
        0.5666680335998535,
        0.5878686904907227,
        0.2087554931640625,
        0.4859733581542969,
        0.49919605255126953,
        0.5275580883026123,
        0.12309837341308594,
        0.12470865249633789,
        0.2640547752380371,
        -0.009926319122314453,
        -0.12052345275878906,
        0.6646623611450195,
        0.20134806632995605,
        0.02167224884033203,
        0.03737831115722656,
        0.3336338996887207,
        0.2793455123901367,
        0.6004135608673096,
        0.43718862533569336,
        0.2787356376647949,
        0.16072416305541992,
        0.7725939750671387
      ],
      "mean_diff": 0.32671958605448403,
      "se_diff": 0.047030309737415586,
      "ci_lo": 0.2396207030614217,
      "ci_hi": 0.4205618248383204,
      "verdict": "PASS"
    },
    "4": {
      "B": 4,
      "n_pairs": 30,
      "seeds": [
        42,
        46,
        50,
        54,
        58,
        62,
        66,
        70,
        43,
        47,
        51,
        55,
        59,
        63,
        67,
        71,
        44,
        48,
        52,
        56,
        60,
        64,
        68,
        45,
        49,
        53,
        57,
        61,
        65,
        69
      ],
      "G_method": [
        0.45091724395751953,
        0.9796514511108398,
        0.7707386016845703,
        0.5831170082092285,
        0.5722508430480957,
        0.5949602127075195,
        0.6414313316345215,
        0.4541168212890625,
        0.6441798210144043,
        1.0425443649291992,
        0.6202178001403809,
        0.7306408882141113,
        0.43880558013916016,
        0.5524539947509766,
        0.5845122337341309,
        0.8132925033569336,
        0.4591798782348633,
        0.6454563140869141,
        0.7118911743164062,
        0.960972785949707,
        0.5099191665649414,
        0.4562873840332031,
        0.5082268714904785,
        0.7986345291137695,
        1.0836129188537598,
        0.7046444416046143,
        0.5839157104492188,
        0.5297698974609375,
        0.5935459136962891,
        0.8335566520690918
      ],