{
  "per_B": {
    "2": {
      "B": 2,
      "delta_oracle": 0.450879160563151,
      "oracle_ci": [
        0.3827386240164439,
        0.5275211973985036
      ],
      "delta_cd": 0.3557799657185872,
      "delta_bs": 0.28890113830566405,
      "ratio_cd": 0.7890805271953925,
      "ratio_bs": 0.6407507012407152,
      "cd_ci": [
        0.2838999259471893,
        0.43208628654479975
      ],
      "bs_ci": [
        0.20851386427879334,
        0.373548926115036
      ],
      "cd_verdict": "PASS",
      "bs_verdict": "PASS"
    },
    "3": {
      "B": 3,
      "delta_oracle": 0.44106602668762207,
      "oracle_ci": [
        0.3663282148043314,
        0.5194613925615946
      ],
      "delta_cd": 0.32671958605448403,
      "delta_bs": 0.2517936944961548,
      "ratio_cd": 0.7407498340058686,
      "ratio_bs": 0.5708752868297509,
      "cd_ci": [
        0.2396207030614217,
        0.4205618248383204
      ],
      "bs_ci": [
        0.15838048358758292,
        0.3519496476650238
      ],
      "cd_verdict": "PASS",
      "bs_verdict": "PASS"
    },
    "4": {
      "B": 4,
      "delta_oracle": 0.45017157395680746,
      "oracle_ci": [
        0.3863000245889028,
        0.5196396891276042
      ],
      "delta_cd": 0.3795259237289429,
      "delta_bs": 0.21966629823048908,
      "ratio_cd": 0.8430694999088441,
      "ratio_bs": 0.48796128173913833,
      "cd_ci": [
        0.28490709841251377,
        0.4789944358666738
      ],
      "bs_ci": [
        0.11285213351249695,
        0.33119855582714053
      ],
      "cd_verdict": "PASS",
      "bs_verdict": "PASS"
    }
  },
  "notes": "\u0394_CD, \u0394_BS are paired mean(G_method \u2212 G_uniform) across K=30 seeds; \u0394_oracle is the Phase 2b MC-oracle headroom per B; ratios capture fraction of MC-oracle headroom recovered by each search procedure."
}