{
  "spearman": {
    "entropy": {
      "mean": -0.23414754752772135,
      "std": 0.2111100629329099
    },
    "inverse_margin": {
      "mean": -0.23188301473212053,
      "std": 0.18958150843635563
    },
    "quality_mass_proxy": {
      "mean": -0.2200316317917786,
      "std": 0.20589006631240986
    },
    "unmasked_fraction": {
      "mean": 0.05259905860605929,
      "std": 0.2842261770235673
    }
  },
  "policy_G": {
    "4": {
      "uniform": {
        "G": 0.39259521961212157,
        "se": 0.06988397079428102
      },
      "front": {
        "G": 0.1478280782699585,
        "se": 0.1333699677394814
      },
      "back": {
        "G": 0.15363872051239014,
        "se": 0.020728803152727616
      },
      "middle": {
        "G": 0.5100273847579956,
        "se": 0.09321215765189293
      },
      "entropy_top_B": {
        "G": 0.15944650173187255,
        "se": 0.1327930256511832
      },
      "margin_top_B": {
        "G": 0.1579127788543701,
        "se": 0.13283482963053564
      },
      "quality_top_B": {
        "G": 0.15944650173187255,
        "se": 0.1327930256511832
      },
      "entropy_bot_B": {
        "G": 0.5497941732406616,
        "se": 0.09037299374909985
      },
      "margin_bot_B": {
        "G": 0.5414929389953613,
        "se": 0.08814145505239249
      },
      "quality_bot_B": {
        "G": 0.5591604709625244,
        "se": 0.09554055055031602
      },
      "unmasked_top_B": {
        "G": 0.15363872051239014,
        "se": 0.020728803152727616
      },
      "oracle": {
        "G": 1.4085360288619995,
        "se": 0.14637941458048906
      },
      "bottom_B": {
        "G": -0.5882991790771485,
        "se": 0.08890225624699591
      }
    },
    "8": {
      "uniform": {
        "G": 0.775015115737915,
        "se": 0.1411581302376581
      },
      "front": {
        "G": 0.11330583095550537,
        "se": 0.24937582956424878
      },
      "back": {
        "G": 0.32714114189147947,
        "se": 0.04886321872361198
      },
      "middle": {
        "G": 1.0680236339569091,
        "se": 0.18193698405853584
      },
      "entropy_top_B": {
        "G": 0.10141727924346924,
        "se": 0.2431635471744891
      },
      "margin_top_B": {
        "G": 0.09387283325195313,
        "se": 0.23497479340144556
      },
      "quality_top_B": {
        "G": 0.0838468313217163,
        "se": 0.2403943759314904
      },
      "entropy_bot_B": {
        "G": 0.9955485582351684,
        "se": 0.16516090026307276
      },
      "margin_bot_B": {
        "G": 0.9942690610885621,
        "se": 0.15072403635113762
      },
      "quality_bot_B": {
        "G": 0.9696285486221313,
        "se": 0.1481574205643967
      },
      "unmasked_top_B": {
        "G": 0.32714114189147947,
        "se": 0.04886321872361198
      },
      "oracle": {
        "G": 2.4015790700912474,
        "se": 0.23484674161809985
      },
      "bottom_B": {
        "G": -0.8232680559158325,
        "se": 0.15015310220977163
      }
    },
    "16": {
      "uniform": {
        "G": 1.477134108543396,
        "se": 0.27488507453998773
      },
      "front": {
        "G": 0.8060345649719238,
        "se": 0.4467214211158087
      },
      "back": {
        "G": 0.9655412912368775,
        "se": 0.12237683156469041
      },
      "middle": {
        "G": 2.2515158653259277,
        "se": 0.31414576759478574
      },
      "entropy_top_B": {
        "G": 0.7063657999038696,
        "se": 0.4091223172406084
      },
      "margin_top_B": {
        "G": 0.6991851091384887,
        "se": 0.40011134610121474
      },
      "quality_top_B": {
        "G": 0.7239350557327271,
        "se": 0.4085697630891522
      },
      "entropy_bot_B": {
        "G": 1.8726128101348878,
        "se": 0.28822614917298833
      },
      "margin_bot_B": {
        "G": 1.8274699926376343,
        "se": 0.2807383656822985
      },
      "quality_bot_B": {
        "G": 1.7855303287506104,
        "se": 0.26113592951144204
      },
      "unmasked_top_B": {
        "G": 0.9655412912368775,
        "se": 0.12237683156469041
      },
      "oracle": {
        "G": 3.9859121084213256,
        "se": 0.3989180600251457
      },
      "bottom_B": {
        "G": -0.8148049592971802,
        "se": 0.23709613481461653
      }
    }
  },
  "mean_delta_profile": [
    0.0,
    -0.013414764404296875,
    0.10073244571685791,
    0.06051039695739746,
    -0.042465496063232425,
    -0.013375639915466309,
    0.04428229331970215,
    -0.022963404655456543,
    0.02338540554046631,
    0.061985206604003903,
    0.08574292659759522,
    0.09955599308013915,
    0.07428281307220459,
    0.11544969081878662,
    0.09820537567138672,
    0.13412132263183593,
    0.1527168035507202,
    0.13426127433776855,
    0.09406507015228271,
    0.11718266010284424,
    0.1204686164855957,
    0.12833824157714843,
    0.1708733081817627,
    0.1449277639389038,
    0.13703544139862062,
    0.15911099910736085,
    0.1303323745727539,
    0.12158653736114503,
    0.13778076171875,
    0.1151895523071289,
    0.1096045732498169,
    0.09671633243560791,
    0.14291849136352539,
    0.1607879877090454,
    0.1503378629684448,
    0.15468807220458985,
    0.15849952697753905,
    0.14129912853240967,
    0.15780117511749267,
    0.17782704830169677,
    0.17181050777435303,
    0.17018694877624513,
    0.17405214309692382,
    0.16138627529144287,
    0.13766140937805177,
    0.1160172700881958,
    0.13591241836547852,
    0.1219412088394165,
    0.09695992469787598,
    0.0976271390914917,
    0.08449447154998779,
    0.08594627380371093,
    0.07606201171875,
    0.07153449058532715,
    0.06715407371520996,
    0.058621764183044434,
    0.050188541412353516,
    0.04261806011199951,
    0.04513425827026367,
    0.035561561584472656,
    0.039829349517822264,
    0.03736724853515625,
    0.0371840238571167,
    0.03925809860229492
  ]
}