{
  "j": 1,
  "B": 4,
  "seed": 1049,
  "G": 0.0763728483646906,
  "A": 0.09083100289429265,
  "residual": -0.014458154529602044,
  "f_base": -3.470470111671477,
  "f_schedule": -3.3940972633067865,
  "schedule_steps": [
    3,
    8,
    12,
    14
  ],
  "budget": 4,
  "wall_time": 0.00015425682067871094
}