{
  "j": 2,
  "B": 4,
  "seed": 1056,
  "G": 0.10122495792786079,
  "A": 0.08239068555480182,
  "residual": 0.01883427237305897,
  "f_base": -3.4211716997549786,
  "f_schedule": -3.319946741827118,
  "schedule_steps": [
    1,
    2,
    8,
    12
  ],
  "budget": 4,
  "wall_time": 0.0001552104949951172
}