{
  "j": 4,
  "B": 8,
  "seed": 1070,
  "G": 0.14078093434800065,
  "A": 0.18076037631081998,
  "residual": -0.03997944196281933,
  "f_base": -3.4758992823495434,
  "f_schedule": -3.3351183480015427,
  "schedule_steps": [
    1,
    2,
    7,
    10,
    11,
    12,
    13,
    14
  ],
  "budget": 8,
  "wall_time": 0.0002429485321044922
}