{
  "j": 3,
  "B": 8,
  "seed": 1063,
  "G": 0.2955605695020749,
  "A": 0.22818509514068017,
  "residual": 0.06737547436139471,
  "f_base": -3.526018901343585,
  "f_schedule": -3.2304583318415103,
  "schedule_steps": [
    3,
    4,
    7,
    9,
    10,
    11,
    12,
    15
  ],
  "budget": 8,
  "wall_time": 0.00024318695068359375
}