{
  "j": 0,
  "B": 4,
  "seed": 1042,
  "G": 0.05222570581847519,
  "A": 0.08475420332239558,
  "residual": -0.032528497503920395,
  "f_base": -3.4216062517672516,
  "f_schedule": -3.3693805459487765,
  "schedule_steps": [
    0,
    5,
    9,
    15
  ],
  "budget": 4,
  "wall_time": 0.00016689300537109375
}