{
  "j": 5,
  "B": 8,
  "seed": 1077,
  "G": 0.30999419746116263,
  "A": 0.24543778438520603,
  "residual": 0.06455641307595661,
  "f_base": -3.555310711866829,
  "f_schedule": -3.2453165144056664,
  "schedule_steps": [
    0,
    3,
    6,
    8,
    9,
    10,
    11,
    12
  ],
  "budget": 8,
  "wall_time": 0.00024127960205078125
}