{
  "j": 20,
  "B": 8,
  "seed": 1182,
  "G": 0.6826915740966797,
  "A": 1.0392144918441772,
  "residual": -0.35652291774749756,
  "f_base": -5.408307075500488,
  "f_schedule": -4.725615501403809,
  "schedule_steps": [
    20,
    27,
    31,
    38,
    40,
    41,
    43,
    63
  ],
  "budget": 8,
  "wall_time": 13.287060022354126
}