{
  "j": 14,
  "B": 4,
  "seed": 1140,
  "G": 0.30206823348999023,
  "A": 0.3403465270996094,
  "residual": -0.03827829360961915,
  "f_base": -4.92531681060791,
  "f_schedule": -4.62324857711792,
  "schedule_steps": [
    8,
    14,
    17,
    50
  ],
  "budget": 4,
  "wall_time": 12.9099862575531
}