{
  "j": 33,
  "B": 16,
  "seed": 1273,
  "G": 0.6014223098754883,
  "A": 1.1833313465118407,
  "residual": -0.5819090366363524,
  "f_base": -4.924180030822754,
  "f_schedule": -4.322757720947266,
  "schedule_steps": [
    0,
    1,
    2,
    7,
    9,
    10,
    11,
    13,
    34,
    36,
    43,
    50,
    53,
    56,
    57,
    62
  ],
  "budget": 16,
  "wall_time": 14.037245750427246
}