{
  "j": 40,
  "B": 16,
  "seed": 1322,
  "G": 0.800260066986084,
  "A": 1.681739401817322,
  "residual": -0.881479334831238,
  "f_base": -5.165055751800537,
  "f_schedule": -4.364795684814453,
  "schedule_steps": [
    0,
    3,
    11,
    14,
    19,
    20,
    21,
    22,
    24,
    25,
    39,
    41,
    51,
    53,
    58,
    60
  ],
  "budget": 16,
  "wall_time": 14.037986516952515
}