{
  "j": 27,
  "B": 8,
  "seed": 1231,
  "G": 0.5531105995178223,
  "A": 0.6010854959487916,
  "residual": -0.047974896430969305,
  "f_base": -4.682633399963379,
  "f_schedule": -4.129522800445557,
  "schedule_steps": [
    5,
    7,
    8,
    23,
    26,
    36,
    44,
    57
  ],
  "budget": 8,
  "wall_time": 13.28657341003418
}