{
  "j": 12,
  "B": 4,
  "seed": 1126,
  "G": 0.37800025939941406,
  "A": 0.4465274095535279,
  "residual": -0.06852715015411381,
  "f_base": -4.732501983642578,
  "f_schedule": -4.354501724243164,
  "schedule_steps": [
    13,
    14,
    46,
    48
  ],
  "budget": 4,
  "wall_time": 12.912017345428467
}