{
  "j": 26,
  "B": 8,
  "seed": 1224,
  "G": -0.1922454833984375,
  "A": 0.8578866004943847,
  "residual": -1.050132083892822,
  "f_base": -4.844370365142822,
  "f_schedule": -5.03661584854126,
  "schedule_steps": [
    2,
    16,
    19,
    33,
    39,
    55,
    56,
    60
  ],
  "budget": 8,
  "wall_time": 13.288000583648682
}