{
  "j": 34,
  "B": 16,
  "seed": 1280,
  "G": 0.402742862701416,
  "A": 1.848300528526306,
  "residual": -1.44555766582489,
  "f_base": -5.0199503898620605,
  "f_schedule": -4.6172075271606445,
  "schedule_steps": [
    1,
    18,
    22,
    34,
    36,
    38,
    40,
    41,
    42,
    43,
    47,
    49,
    50,
    55,
    56,
    60
  ],
  "budget": 16,
  "wall_time": 14.039466142654419
}