{
  "j": 9,
  "B": 4,
  "seed": 1105,
  "G": 0.5357465744018555,
  "A": 0.41491677761077883,
  "residual": 0.12082979679107664,
  "f_base": -5.37835693359375,
  "f_schedule": -4.8426103591918945,
  "schedule_steps": [
    33,
    40,
    58,
    62
  ],
  "budget": 4,
  "wall_time": 12.912832498550415
}