{
  "j": 7,
  "B": 4,
  "seed": 1091,
  "G": 0.47043752670288086,
  "A": 0.3371302366256714,
  "residual": 0.13330729007720948,
  "f_base": -4.776845932006836,
  "f_schedule": -4.306408405303955,
  "schedule_steps": [
    4,
    9,
    25,
    36
  ],
  "budget": 4,
  "wall_time": 12.911139965057373
}