{
  "j": 11,
  "B": 4,
  "seed": 1119,
  "G": 0.1300649642944336,
  "A": 0.4114157915115357,
  "residual": -0.2813508272171021,
  "f_base": -4.286722183227539,
  "f_schedule": -4.1566572189331055,
  "schedule_steps": [
    2,
    44,
    48,
    52
  ],
  "budget": 4,
  "wall_time": 12.911245822906494
}