{
  "j": 44,
  "B": 16,
  "seed": 1350,
  "G": 0.885683536529541,
  "A": 1.43611741065979,
  "residual": -0.550433874130249,
  "f_base": -5.637896537780762,
  "f_schedule": -4.752213001251221,
  "schedule_steps": [
    1,
    2,
    6,
    14,
    15,
    18,
    24,
    25,
    37,
    43,
    44,
    50,
    58,
    59,
    62,
    63
  ],
  "budget": 16,
  "wall_time": 14.038083791732788
}