{
  "j": 29,
  "B": 8,
  "seed": 1245,
  "G": 0.48522281646728516,
  "A": 0.5594624757766723,
  "residual": -0.07423965930938714,
  "f_base": -4.869398593902588,
  "f_schedule": -4.384175777435303,
  "schedule_steps": [
    7,
    28,
    45,
    47,
    53,
    56,
    58,
    60
  ],
  "budget": 8,
  "wall_time": 13.286672592163086
}