{
  "j": 16,
  "B": 8,
  "seed": 1154,
  "G": 0.4550652503967285,
  "A": 0.6136891126632691,
  "residual": -0.15862386226654057,
  "f_base": -5.246931076049805,
  "f_schedule": -4.791865825653076,
  "schedule_steps": [
    0,
    1,
    8,
    20,
    23,
    26,
    38,
    56
  ],
  "budget": 8,
  "wall_time": 13.288655519485474
}