{
  "j": 13,
  "B": 4,
  "seed": 1133,
  "G": 0.2593393325805664,
  "A": 0.19176132678985594,
  "residual": 0.06757800579071047,
  "f_base": -5.231991767883301,
  "f_schedule": -4.972652435302734,
  "schedule_steps": [
    7,
    26,
    58,
    63
  ],
  "budget": 4,
  "wall_time": 12.912426233291626
}