{
  "j": 17,
  "B": 8,
  "seed": 1161,
  "G": 0.4256401062011719,
  "A": 1.0128695487976074,
  "residual": -0.5872294425964355,
  "f_base": -4.995911598205566,
  "f_schedule": -4.5702714920043945,
  "schedule_steps": [
    9,
    18,
    20,
    21,
    39,
    41,
    42,
    51
  ],
  "budget": 8,
  "wall_time": 13.286529064178467
}