{
  "j": 41,
  "B": 16,
  "seed": 1329,
  "G": 0.9242544174194336,
  "A": 1.723244285583496,
  "residual": -0.7989898681640624,
  "f_base": -5.1729207038879395,
  "f_schedule": -4.248666286468506,
  "schedule_steps": [
    0,
    5,
    6,
    11,
    12,
    14,
    16,
    20,
    25,
    30,
    32,
    37,
    38,
    39,
    42,
    50
  ],
  "budget": 16,
  "wall_time": 14.037446975708008
}