{
  "j": 4,
  "B": 4,
  "seed": 1070,
  "G": 0.31754064559936523,
  "A": 0.26733171939849854,
  "residual": 0.0502089262008667,
  "f_base": -5.096513748168945,
  "f_schedule": -4.77897310256958,
  "schedule_steps": [
    7,
    13,
    44,
    62
  ],
  "budget": 4,
  "wall_time": 12.912190914154053
}