{
  "j": 39,
  "B": 16,
  "seed": 1315,
  "G": 0.3497905731201172,
  "A": 1.5454569578170776,
  "residual": -1.1956663846969604,
  "f_base": -5.099183082580566,
  "f_schedule": -4.749392509460449,
  "schedule_steps": [
    0,
    3,
    7,
    14,
    18,
    22,
    25,
    26,
    34,
    37,
    43,
    45,
    47,
    53,
    56,
    57
  ],
  "budget": 16,
  "wall_time": 14.036636352539062
}