{
  "j": 2,
  "B": 4,
  "seed": 1056,
  "G": 0.06114912033081055,
  "A": 0.2772080898284912,
  "residual": -0.21605896949768066,
  "f_base": -5.474123477935791,
  "f_schedule": -5.4129743576049805,
  "schedule_steps": [
    7,
    10,
    40,
    57
  ],
  "budget": 4,
  "wall_time": 12.911227464675903
}