{
  "j": 25,
  "B": 8,
  "seed": 1217,
  "G": 0.546022891998291,
  "A": 0.8279393434524537,
  "residual": -0.28191645145416266,
  "f_base": -5.236042499542236,
  "f_schedule": -4.690019607543945,
  "schedule_steps": [
    12,
    14,
    25,
    29,
    35,
    47,
    54,
    61
  ],
  "budget": 8,
  "wall_time": 13.288409233093262
}