{
  "j": 6,
  "B": 4,
  "seed": 1084,
  "G": 0.4353642463684082,
  "A": 0.28758366107940675,
  "residual": 0.14778058528900145,
  "f_base": -4.750110626220703,
  "f_schedule": -4.314746379852295,
  "schedule_steps": [
    3,
    13,
    52,
    59
  ],
  "budget": 4,
  "wall_time": 12.911800861358643
}