{
  "j": 36,
  "B": 16,
  "seed": 1294,
  "G": 0.42040252685546875,
  "A": 1.4465439558029174,
  "residual": -1.0261414289474486,
  "f_base": -5.267423152923584,
  "f_schedule": -4.847020626068115,
  "schedule_steps": [
    0,
    8,
    9,
    13,
    16,
    21,
    24,
    26,
    31,
    33,
    37,
    50,
    52,
    56,
    57,
    58
  ],
  "budget": 16,
  "wall_time": 14.04047679901123
}