{
  "j": 43,
  "B": 16,
  "seed": 1343,
  "G": 0.5885529518127441,
  "A": 1.796050500869751,
  "residual": -1.2074975490570068,
  "f_base": -5.072295188903809,
  "f_schedule": -4.4837422370910645,
  "schedule_steps": [
    2,
    6,
    11,
    17,
    25,
    29,
    30,
    34,
    39,
    44,
    45,
    46,
    47,
    49,
    55,
    61
  ],
  "budget": 16,
  "wall_time": 14.039113998413086
}