{
  "j": 8,
  "B": 4,
  "seed": 1098,
  "G": 0.5799050331115723,
  "A": 0.5676377773284913,
  "residual": 0.012267255783080966,
  "f_base": -5.28217887878418,
  "f_schedule": -4.702273845672607,
  "schedule_steps": [
    23,
    30,
    32,
    41
  ],
  "budget": 4,
  "wall_time": 12.911264419555664
}