{
  "j": 22,
  "B": 8,
  "seed": 1196,
  "G": 0.41252946853637695,
  "A": 0.7867051124572754,
  "residual": -0.3741756439208984,
  "f_base": -5.269176483154297,
  "f_schedule": -4.85664701461792,
  "schedule_steps": [
    2,
    5,
    8,
    17,
    18,
    34,
    43,
    46
  ],
  "budget": 8,
  "wall_time": 13.28810167312622
}