{
  "j": 31,
  "B": 16,
  "seed": 1259,
  "G": 0.488004207611084,
  "A": 1.499301028251648,
  "residual": -1.011296820640564,
  "f_base": -4.411355972290039,
  "f_schedule": -3.923351764678955,
  "schedule_steps": [
    0,
    6,
    7,
    13,
    18,
    20,
    21,
    24,
    26,
    27,
    29,
    30,
    32,
    41,
    56,
    57
  ],
  "budget": 16,
  "wall_time": 14.038483619689941
}