{
  "j": 21,
  "B": 8,
  "seed": 1189,
  "G": 0.2244725227355957,
  "A": 0.6798571348190308,
  "residual": -0.45538461208343506,
  "f_base": -4.7649407386779785,
  "f_schedule": -4.540468215942383,
  "schedule_steps": [
    2,
    6,
    9,
    10,
    28,
    29,
    48,
    62
  ],
  "budget": 8,
  "wall_time": 13.28645658493042
}