{
  "j": 24,
  "B": 8,
  "seed": 1210,
  "G": 0.4621305465698242,
  "A": 0.7057490110397339,
  "residual": -0.24361846446990965,
  "f_base": -4.985995769500732,
  "f_schedule": -4.523865222930908,
  "schedule_steps": [
    8,
    10,
    16,
    18,
    19,
    34,
    58,
    62
  ],
  "budget": 8,
  "wall_time": 13.286442279815674
}