{
  "j": 3,
  "B": 4,
  "seed": 1063,
  "G": 0.13262462615966797,
  "A": 0.4089570760726929,
  "residual": -0.2763324499130249,
  "f_base": -4.8932623863220215,
  "f_schedule": -4.7606377601623535,
  "schedule_steps": [
    21,
    25,
    51,
    59
  ],
  "budget": 4,
  "wall_time": 12.910543203353882
}