{
  "j": 42,
  "B": 16,
  "seed": 1336,
  "G": 0.5253067016601562,
  "A": 1.664013671875,
  "residual": -1.1387069702148438,
  "f_base": -4.547943115234375,
  "f_schedule": -4.022636413574219,
  "schedule_steps": [
    4,
    14,
    15,
    16,
    22,
    23,
    24,
    29,
    36,
    40,
    46,
    50,
    52,
    56,
    62,
    63
  ],
  "budget": 16,
  "wall_time": 14.03810715675354
}