{
  "j": 28,
  "B": 8,
  "seed": 1238,
  "G": -0.2088456153869629,
  "A": 0.7514864444732665,
  "residual": -0.9603320598602294,
  "f_base": -4.746220111846924,
  "f_schedule": -4.955065727233887,
  "schedule_steps": [
    1,
    6,
    11,
    33,
    36,
    44,
    48,
    54
  ],
  "budget": 8,
  "wall_time": 13.287034749984741
}