{
  "j": 15,
  "B": 8,
  "seed": 1147,
  "G": 0.5377492904663086,
  "A": 1.099643898010254,
  "residual": -0.5618946075439455,
  "f_base": -4.87817907333374,
  "f_schedule": -4.340429782867432,
  "schedule_steps": [
    15,
    16,
    17,
    20,
    35,
    38,
    42,
    53
  ],
  "budget": 8,
  "wall_time": 13.288357973098755
}