{
  "j": 37,
  "B": 16,
  "seed": 1301,
  "G": 0.5938725471496582,
  "A": 1.2109836101531983,
  "residual": -0.6171110630035401,
  "f_base": -5.027312278747559,
  "f_schedule": -4.4334397315979,
  "schedule_steps": [
    1,
    4,
    7,
    8,
    10,
    12,
    31,
    35,
    37,
    39,
    44,
    49,
    50,
    51,
    53,
    55
  ],
  "budget": 16,
  "wall_time": 14.038751363754272
}