{
  "j": 5,
  "B": 4,
  "seed": 1077,
  "G": 0.0913395881652832,
  "A": 0.3267361402511597,
  "residual": -0.2353965520858765,
  "f_base": -4.886795520782471,
  "f_schedule": -4.7954559326171875,
  "schedule_steps": [
    3,
    44,
    51,
    57
  ],
  "budget": 4,
  "wall_time": 12.913134574890137
}