{
  "j": 19,
  "B": 8,
  "seed": 1175,
  "G": 0.630709171295166,
  "A": 0.9487202644348146,
  "residual": -0.3180110931396486,
  "f_base": -5.21410608291626,
  "f_schedule": -4.583396911621094,
  "schedule_steps": [
    18,
    22,
    27,
    29,
    31,
    32,
    41,
    62
  ],
  "budget": 8,
  "wall_time": 13.288350582122803
}