{
  "j": 38,
  "B": 16,
  "seed": 1308,
  "G": 0.5004386901855469,
  "A": 1.4646262884140016,
  "residual": -0.9641875982284547,
  "f_base": -4.656238555908203,
  "f_schedule": -4.155799865722656,
  "schedule_steps": [
    0,
    4,
    6,
    13,
    16,
    19,
    23,
    26,
    29,
    41,
    43,
    44,
    53,
    54,
    60,
    63
  ],
  "budget": 16,
  "wall_time": 14.03825831413269
}