{
  "j": 10,
  "B": 4,
  "seed": 1112,
  "G": 0.029144763946533203,
  "A": 0.5134525775909424,
  "residual": -0.4843078136444092,
  "f_base": -4.703672409057617,
  "f_schedule": -4.674527645111084,
  "schedule_steps": [
    12,
    26,
    34,
    36
  ],
  "budget": 4,
  "wall_time": 12.911970376968384
}