{
  "j": 18,
  "B": 8,
  "seed": 1168,
  "G": 0.6300444602966309,
  "A": 0.7832159042358398,
  "residual": -0.1531714439392089,
  "f_base": -5.065921783447266,
  "f_schedule": -4.435877323150635,
  "schedule_steps": [
    11,
    21,
    25,
    31,
    46,
    50,
    60,
    63
  ],
  "budget": 8,
  "wall_time": 13.287318468093872
}