{
  "j": 23,
  "B": 8,
  "seed": 1203,
  "G": 0.2954978942871094,
  "A": 0.6041783332824707,
  "residual": -0.30868043899536135,
  "f_base": -4.928639888763428,
  "f_schedule": -4.633141994476318,
  "schedule_steps": [
    3,
    13,
    31,
    36,
    55,
    60,
    61,
    62
  ],
  "budget": 8,
  "wall_time": 13.288340330123901
}