{
  "j": 35,
  "B": 16,
  "seed": 1287,
  "G": 0.6920375823974609,
  "A": 1.3357640266418456,
  "residual": -0.6437264442443846,
  "f_base": -5.53698205947876,
  "f_schedule": -4.844944477081299,
  "schedule_steps": [
    0,
    1,
    7,
    9,
    12,
    15,
    22,
    25,
    30,
    31,
    36,
    38,
    49,
    53,
    57,
    61
  ],
  "budget": 16,
  "wall_time": 14.03844428062439
}