{
  "j": 1,
  "B": 4,
  "seed": 1049,
  "G": 0.19164037704467773,
  "A": 0.43596920967102054,
  "residual": -0.2443288326263428,
  "f_base": -5.2207794189453125,
  "f_schedule": -5.029139041900635,
  "schedule_steps": [
    16,
    35,
    51,
    57
  ],
  "budget": 4,
  "wall_time": 12.909550905227661
}