{
  "j": 32,
  "B": 16,
  "seed": 1266,
  "G": 0.5649652481079102,
  "A": 1.82056725025177,
  "residual": -1.2556020021438599,
  "f_base": -5.497162818908691,
  "f_schedule": -4.932197570800781,
  "schedule_steps": [
    4,
    10,
    14,
    15,
    19,
    21,
    27,
    32,
    35,
    36,
    38,
    40,
    41,
    49,
    50,
    60
  ],
  "budget": 16,
  "wall_time": 14.037719249725342
}