{
  "j": 0,
  "B": 4,
  "seed": 1042,
  "G": 0.4191889762878418,
  "A": 0.4318183422088623,
  "residual": -0.012629365921020486,
  "f_base": -5.523858070373535,
  "f_schedule": -5.104669094085693,
  "schedule_steps": [
    0,
    22,
    23,
    45
  ],
  "budget": 4,
  "wall_time": 12.914474248886108
}