{
  "j": 30,
  "B": 16,
  "seed": 1252,
  "G": 1.3749775886535645,
  "A": 1.6031113147735596,
  "residual": -0.22813372611999516,
  "f_base": -5.688484191894531,
  "f_schedule": -4.313506603240967,
  "schedule_steps": [
    1,
    3,
    9,
    12,
    13,
    18,
    23,
    24,
    32,
    34,
    39,
    40,
    47,
    52,
    56,
    62
  ],
  "budget": 16,
  "wall_time": 14.038132429122925
}