{
  "j": 0,
  "B": 2,
  "seed": 1042,
  "G": 0.06616788100485493,
  "A": 0.06260776838989761,
  "residual": 0.0035601126149573253,
  "f_base": -3.4216062517672516,
  "f_schedule": -3.3554383707623967,
  "schedule_steps": [
    5,
    11
  ],
  "budget": 2,
  "wall_time": 0.002018451690673828
}