{
  "j": 3,
  "B": 4,
  "seed": 1063,
  "G": 0.06078731166310236,
  "A": 0.07488214269024249,
  "residual": -0.014094831027140126,
  "f_base": -3.526018901343585,
  "f_schedule": -3.465231589680483,
  "schedule_steps": [
    5,
    12,
    13,
    14
  ],
  "budget": 4,
  "wall_time": 0.0019562244415283203
}