{
  "j": 4,
  "B": 4,
  "seed": 1070,
  "G": 0.04977593762862709,
  "A": 0.06025525894968587,
  "residual": -0.010479321321058784,
  "f_base": -3.4758992823495434,
  "f_schedule": -3.4261233447209163,
  "schedule_steps": [
    1,
    3,
    10,
    15
  ],
  "budget": 4,
  "wall_time": 0.0018951892852783203
}