{
  "j": 50,
  "B": 8,
  "seed": 1392,
  "G": 0.5228338241577148,
  "A": 0.6596933650970459,
  "residual": -0.13685954093933106,
  "f_base": -4.952981472015381,
  "f_schedule": -4.430147647857666,
  "schedule_steps": [
    6,
    7,
    14,
    22,
    25,
    36,
    51,
    57
  ],
  "budget": 8,
  "wall_time": 10.363351821899414
}