{
  "j": 88,
  "B": 16,
  "seed": 1658,
  "G": 0.3624382019042969,
  "A": 1.7266009187698363,
  "residual": -1.3641627168655395,
  "f_base": -4.946092128753662,
  "f_schedule": -4.583653926849365,
  "schedule_steps": [
    10,
    12,
    16,
    20,
    23,
    26,
    33,
    34,
    36,
    40,
    42,
    45,
    48,
    50,
    56,
    61
  ],
  "budget": 16,
  "wall_time": 10.930630207061768
}