{
  "j": 42,
  "B": 8,
  "seed": 1336,
  "G": 0.6278705596923828,
  "A": 0.7985332775115968,
  "residual": -0.17066271781921394,
  "f_base": -5.420088291168213,
  "f_schedule": -4.79221773147583,
  "schedule_steps": [
    16,
    18,
    19,
    26,
    33,
    41,
    53,
    60
  ],
  "budget": 8,
  "wall_time": 10.358521699905396
}