{
  "j": 78,
  "B": 16,
  "seed": 1588,
  "G": 0.6422305107116699,
  "A": 1.54575514793396,
  "residual": -0.90352463722229,
  "f_base": -5.046451568603516,
  "f_schedule": -4.404221057891846,
  "schedule_steps": [
    13,
    23,
    31,
    35,
    38,
    44,
    45,
    46,
    49,
    50,
    52,
    55,
    59,
    60,
    61,
    63
  ],
  "budget": 16,
  "wall_time": 10.932887077331543
}