{
  "j": 33,
  "B": 8,
  "seed": 1273,
  "G": 0.7177333831787109,
  "A": 0.531578950881958,
  "residual": 0.186154432296753,
  "f_base": -4.9457502365112305,
  "f_schedule": -4.2280168533325195,
  "schedule_steps": [
    0,
    2,
    8,
    13,
    14,
    40,
    42,
    50
  ],
  "budget": 8,
  "wall_time": 10.34849762916565
}