{
  "j": 38,
  "B": 8,
  "seed": 1308,
  "G": 0.4861011505126953,
  "A": 0.6808082723617553,
  "residual": -0.19470712184906003,
  "f_base": -4.828277587890625,
  "f_schedule": -4.34217643737793,
  "schedule_steps": [
    0,
    30,
    34,
    47,
    48,
    50,
    51,
    61
  ],
  "budget": 8,
  "wall_time": 10.347263813018799
}