{
  "j": 32,
  "B": 8,
  "seed": 1266,
  "G": 0.5183610916137695,
  "A": 0.8205849885940552,
  "residual": -0.3022238969802856,
  "f_base": -4.986148357391357,
  "f_schedule": -4.467787265777588,
  "schedule_steps": [
    12,
    16,
    22,
    37,
    41,
    42,
    48,
    58
  ],
  "budget": 8,
  "wall_time": 10.348196506500244
}