{
  "j": 14,
  "B": 4,
  "seed": 1140,
  "G": 0.11221027374267578,
  "A": 0.31383347034454345,
  "residual": -0.20162319660186767,
  "f_base": -5.206789493560791,
  "f_schedule": -5.094579219818115,
  "schedule_steps": [
    8,
    14,
    17,
    50
  ],
  "budget": 4,
  "wall_time": 10.05711817741394
}