{
  "j": 49,
  "B": 8,
  "seed": 1385,
  "G": 0.2717723846435547,
  "A": 0.6371574544906615,
  "residual": -0.36538506984710684,
  "f_base": -5.202613830566406,
  "f_schedule": -4.930841445922852,
  "schedule_steps": [
    1,
    5,
    19,
    21,
    27,
    37,
    51,
    55
  ],
  "budget": 8,
  "wall_time": 10.366469621658325
}