{
  "j": 7,
  "B": 4,
  "seed": 1091,
  "G": 0.21069812774658203,
  "A": 0.3678165102005005,
  "residual": -0.15711838245391846,
  "f_base": -4.570513725280762,
  "f_schedule": -4.35981559753418,
  "schedule_steps": [
    4,
    9,
    25,
    36
  ],
  "budget": 4,
  "wall_time": 10.070427894592285
}