{
  "j": 45,
  "B": 8,
  "seed": 1357,
  "G": 0.2308664321899414,
  "A": 0.6390272283554077,
  "residual": -0.4081607961654663,
  "f_base": -4.787886142730713,
  "f_schedule": -4.5570197105407715,
  "schedule_steps": [
    7,
    12,
    14,
    22,
    26,
    61,
    62,
    63
  ],
  "budget": 8,
  "wall_time": 10.348649740219116
}