{
  "j": 61,
  "B": 16,
  "seed": 1469,
  "G": 0.7792186737060547,
  "A": 1.4028260040283205,
  "residual": -0.6236073303222658,
  "f_base": -5.033851146697998,
  "f_schedule": -4.254632472991943,
  "schedule_steps": [
    4,
    6,
    7,
    10,
    12,
    13,
    27,
    29,
    34,
    38,
    44,
    46,
    50,
    53,
    54,
    55
  ],
  "budget": 16,
  "wall_time": 10.945875883102417
}