{
  "j": 89,
  "B": 16,
  "seed": 1665,
  "G": 0.9338779449462891,
  "A": 1.3514272117614747,
  "residual": -0.41754926681518567,
  "f_base": -4.7713446617126465,
  "f_schedule": -3.8374667167663574,
  "schedule_steps": [
    0,
    2,
    6,
    10,
    12,
    15,
    23,
    24,
    25,
    29,
    33,
    35,
    46,
    47,
    55,
    60
  ],
  "budget": 16,
  "wall_time": 10.930959224700928
}