{
  "j": 64,
  "B": 16,
  "seed": 1490,
  "G": 0.7592220306396484,
  "A": 1.455847759246826,
  "residual": -0.6966257286071775,
  "f_base": -4.8007330894470215,
  "f_schedule": -4.041511058807373,
  "schedule_steps": [
    5,
    10,
    13,
    15,
    17,
    22,
    28,
    32,
    34,
    36,
    38,
    48,
    52,
    59,
    60,
    61
  ],
  "budget": 16,
  "wall_time": 10.950737714767456
}