{
  "j": 66,
  "B": 16,
  "seed": 1504,
  "G": 0.3529086112976074,
  "A": 1.8249748706817626,
  "residual": -1.4720662593841551,
  "f_base": -4.479147911071777,
  "f_schedule": -4.12623929977417,
  "schedule_steps": [
    5,
    20,
    21,
    23,
    25,
    26,
    28,
    29,
    33,
    37,
    40,
    41,
    48,
    51,
    52,
    62
  ],
  "budget": 16,
  "wall_time": 10.937618494033813
}