{
  "j": 47,
  "B": 8,
  "seed": 1371,
  "G": 0.008994579315185547,
  "A": 0.649912781715393,
  "residual": -0.6409182024002075,
  "f_base": -4.3447418212890625,
  "f_schedule": -4.335747241973877,
  "schedule_steps": [
    2,
    6,
    15,
    18,
    24,
    26,
    44,
    50
  ],
  "budget": 8,
  "wall_time": 10.362433671951294
}