{
  "j": 13,
  "B": 4,
  "seed": 1133,
  "G": 0.16229629516601562,
  "A": 0.28173683166503904,
  "residual": -0.11944053649902342,
  "f_base": -5.191043853759766,
  "f_schedule": -5.02874755859375,
  "schedule_steps": [
    7,
    26,
    58,
    63
  ],
  "budget": 4,
  "wall_time": 10.057376384735107
}