{
  "j": 77,
  "B": 16,
  "seed": 1581,
  "G": 0.8650913238525391,
  "A": 1.406769380569458,
  "residual": -0.541678056716919,
  "f_base": -4.896690845489502,
  "f_schedule": -4.031599521636963,
  "schedule_steps": [
    2,
    5,
    7,
    15,
    16,
    22,
    25,
    27,
    30,
    31,
    35,
    46,
    50,
    51,
    54,
    55
  ],
  "budget": 16,
  "wall_time": 10.932067394256592
}