{
  "j": 22,
  "B": 4,
  "seed": 1196,
  "G": 0.6600608825683594,
  "A": 0.22065118789672852,
  "residual": 0.4394096946716308,
  "f_base": -5.359033107757568,
  "f_schedule": -4.698972225189209,
  "schedule_steps": [
    2,
    5,
    37,
    46
  ],
  "budget": 4,
  "wall_time": 10.060391664505005
}