{
  "j": 20,
  "B": 4,
  "seed": 1182,
  "G": 0.2894711494445801,
  "A": 0.49564921855926514,
  "residual": -0.20617806911468506,
  "f_base": -5.2861647605896,
  "f_schedule": -4.9966936111450195,
  "schedule_steps": [
    22,
    29,
    44,
    47
  ],
  "budget": 4,
  "wall_time": 10.058202743530273
}