{
  "j": 65,
  "B": 16,
  "seed": 1497,
  "G": 1.0610055923461914,
  "A": 1.5724446868896482,
  "residual": -0.5114390945434568,
  "f_base": -5.231264591217041,
  "f_schedule": -4.17025899887085,
  "schedule_steps": [
    5,
    7,
    10,
    14,
    18,
    22,
    23,
    26,
    32,
    34,
    36,
    41,
    43,
    54,
    60,
    61
  ],
  "budget": 16,
  "wall_time": 10.9310941696167
}