{
  "j": 9,
  "B": 4,
  "seed": 1105,
  "G": 0.5402474403381348,
  "A": 0.39146096229553223,
  "residual": 0.14878647804260253,
  "f_base": -4.911210060119629,
  "f_schedule": -4.370962619781494,
  "schedule_steps": [
    33,
    40,
    58,
    62
  ],
  "budget": 4,
  "wall_time": 10.057045936584473
}