{
  "j": 37,
  "B": 8,
  "seed": 1301,
  "G": 0.42723798751831055,
  "A": 0.5272016000747681,
  "residual": -0.09996361255645758,
  "f_base": -5.030079364776611,
  "f_schedule": -4.602841377258301,
  "schedule_steps": [
    1,
    5,
    10,
    11,
    14,
    36,
    51,
    63
  ],
  "budget": 8,
  "wall_time": 10.3477463722229
}