{
  "j": 48,
  "B": 8,
  "seed": 1378,
  "G": 0.2894401550292969,
  "A": 0.7824410247802733,
  "residual": -0.49300086975097646,
  "f_base": -4.877586841583252,
  "f_schedule": -4.588146686553955,
  "schedule_steps": [
    3,
    17,
    18,
    21,
    26,
    38,
    45,
    62
  ],
  "budget": 8,
  "wall_time": 10.354737281799316
}