{
  "j": 53,
  "B": 8,
  "seed": 1413,
  "G": 0.11604881286621094,
  "A": 0.9722210454940795,
  "residual": -0.8561722326278686,
  "f_base": -4.929917812347412,
  "f_schedule": -4.813868999481201,
  "schedule_steps": [
    18,
    27,
    29,
    38,
    39,
    42,
    47,
    55
  ],
  "budget": 8,
  "wall_time": 10.369932889938354
}