{
  "j": 43,
  "B": 8,
  "seed": 1343,
  "G": 0.22545766830444336,
  "A": 0.7805921125411986,
  "residual": -0.5551344442367553,
  "f_base": -5.209081649780273,
  "f_schedule": -4.98362398147583,
  "schedule_steps": [
    7,
    12,
    20,
    35,
    39,
    45,
    51,
    52
  ],
  "budget": 8,
  "wall_time": 10.352321147918701
}