{
  "j": 27,
  "B": 4,
  "seed": 1231,
  "G": 0.10848283767700195,
  "A": 0.2531997585296631,
  "residual": -0.14471692085266114,
  "f_base": -4.84595251083374,
  "f_schedule": -4.737469673156738,
  "schedule_steps": [
    6,
    7,
    25,
    61
  ],
  "budget": 4,
  "wall_time": 10.058369636535645
}