{
  "j": 29,
  "B": 4,
  "seed": 1245,
  "G": 0.3654594421386719,
  "A": 0.36642005443572995,
  "residual": -0.0009606122970580722,
  "f_base": -5.095512866973877,
  "f_schedule": -4.730053424835205,
  "schedule_steps": [
    30,
    50,
    56,
    62
  ],
  "budget": 4,
  "wall_time": 10.056840181350708
}