{
  "j": 16,
  "B": 4,
  "seed": 1154,
  "G": 0.16870784759521484,
  "A": 0.3109433364868164,
  "residual": -0.14223548889160154,
  "f_base": -4.16996955871582,
  "f_schedule": -4.0012617111206055,
  "schedule_steps": [
    1,
    8,
    28,
    41
  ],
  "budget": 4,
  "wall_time": 10.056349754333496
}