{
  "j": 3,
  "B": 4,
  "seed": 1063,
  "G": 0.26512861251831055,
  "A": 0.3878659439086914,
  "residual": -0.12273733139038084,
  "f_base": -5.072192668914795,
  "f_schedule": -4.807064056396484,
  "schedule_steps": [
    21,
    25,
    51,
    59
  ],
  "budget": 4,
  "wall_time": 10.069985151290894
}