{
  "j": 36,
  "B": 8,
  "seed": 1294,
  "G": 0.4221310615539551,
  "A": 0.6862684059143066,
  "residual": -0.2641373443603515,
  "f_base": -4.921675205230713,
  "f_schedule": -4.499544143676758,
  "schedule_steps": [
    0,
    9,
    15,
    18,
    24,
    35,
    39,
    58
  ],
  "budget": 8,
  "wall_time": 10.348245859146118
}