{
  "j": 55,
  "B": 8,
  "seed": 1427,
  "G": 0.6597931385040283,
  "A": 0.9709104633331298,
  "residual": -0.3111173248291015,
  "f_base": -4.622824192047119,
  "f_schedule": -3.963031053543091,
  "schedule_steps": [
    12,
    13,
    18,
    20,
    23,
    32,
    39,
    43
  ],
  "budget": 8,
  "wall_time": 10.36090636253357
}