{
  "j": 60,
  "B": 16,
  "seed": 1462,
  "G": 0.5499920845031738,
  "A": 1.7390528726577759,
  "residual": -1.189060788154602,
  "f_base": -4.800125598907471,
  "f_schedule": -4.250133514404297,
  "schedule_steps": [
    6,
    12,
    13,
    19,
    23,
    25,
    27,
    30,
    38,
    40,
    41,
    45,
    46,
    47,
    57,
    63
  ],
  "budget": 16,
  "wall_time": 10.948636770248413
}