{
  "j": 10,
  "B": 4,
  "seed": 1112,
  "G": 0.44383668899536133,
  "A": 0.4492126703262329,
  "residual": -0.005375981330871582,
  "f_base": -5.219386577606201,
  "f_schedule": -4.77554988861084,
  "schedule_steps": [
    12,
    26,
    34,
    36
  ],
  "budget": 4,
  "wall_time": 10.058063745498657
}