{
  "j": 31,
  "B": 8,
  "seed": 1259,
  "G": 0.6394844055175781,
  "A": 0.8557337665557861,
  "residual": -0.21624936103820802,
  "f_base": -5.323014736175537,
  "f_schedule": -4.683530330657959,
  "schedule_steps": [
    0,
    9,
    23,
    25,
    31,
    35,
    38,
    47
  ],
  "budget": 8,
  "wall_time": 10.34827208518982
}