{
  "j": 71,
  "B": 16,
  "seed": 1539,
  "G": 1.0812492370605469,
  "A": 1.6477434873580934,
  "residual": -0.5664942502975465,
  "f_base": -5.536837577819824,
  "f_schedule": -4.455588340759277,
  "schedule_steps": [
    4,
    10,
    14,
    19,
    20,
    21,
    22,
    25,
    28,
    37,
    38,
    41,
    47,
    54,
    55,
    58
  ],
  "budget": 16,
  "wall_time": 10.944401502609253
}