{
  "j": 63,
  "B": 16,
  "seed": 1483,
  "G": 0.8412256240844727,
  "A": 1.3044240474700928,
  "residual": -0.4631984233856201,
  "f_base": -4.986984729766846,
  "f_schedule": -4.145759105682373,
  "schedule_steps": [
    7,
    8,
    9,
    12,
    13,
    17,
    19,
    22,
    32,
    39,
    49,
    54,
    55,
    56,
    59,
    63
  ],
  "budget": 16,
  "wall_time": 10.944616079330444
}