{
  "j": 18,
  "B": 4,
  "seed": 1168,
  "G": 0.24106073379516602,
  "A": 0.458486533164978,
  "residual": -0.217425799369812,
  "f_base": -5.594910621643066,
  "f_schedule": -5.3538498878479,
  "schedule_steps": [
    22,
    26,
    33,
    49
  ],
  "budget": 4,
  "wall_time": 10.056738376617432
}