{
  "j": 83,
  "B": 16,
  "seed": 1623,
  "G": 0.6582050323486328,
  "A": 1.2829135656356812,
  "residual": -0.6247085332870483,
  "f_base": -5.009886264801025,
  "f_schedule": -4.351681232452393,
  "schedule_steps": [
    0,
    4,
    6,
    15,
    16,
    32,
    33,
    34,
    37,
    39,
    41,
    50,
    52,
    54,
    56,
    60
  ],
  "budget": 16,
  "wall_time": 10.931816816329956
}