{
  "j": 0,
  "B": 4,
  "seed": 1042,
  "G": 0.08325958251953125,
  "A": 0.37174480438232427,
  "residual": -0.288485221862793,
  "f_base": -4.615221977233887,
  "f_schedule": -4.5319623947143555,
  "schedule_steps": [
    0,
    22,
    23,
    45
  ],
  "budget": 4,
  "wall_time": 10.067571878433228
}