{
  "j": 35,
  "B": 8,
  "seed": 1287,
  "G": 0.1734027862548828,
  "A": 0.6332515382766724,
  "residual": -0.45984875202178954,
  "f_base": -4.669401168823242,
  "f_schedule": -4.495998382568359,
  "schedule_steps": [
    0,
    1,
    10,
    29,
    35,
    42,
    44,
    56
  ],
  "budget": 8,
  "wall_time": 10.349693536758423
}