{
  "j": 17,
  "B": 4,
  "seed": 1161,
  "G": 0.6608395576477051,
  "A": 0.4409994554519653,
  "residual": 0.2198401021957398,
  "f_base": -5.9434428215026855,
  "f_schedule": -5.2826032638549805,
  "schedule_steps": [
    10,
    22,
    43,
    44
  ],
  "budget": 4,
  "wall_time": 10.056970834732056
}