{
  "j": 68,
  "B": 16,
  "seed": 1518,
  "G": 0.47307920455932617,
  "A": 1.2944381189346312,
  "residual": -0.8213589143753051,
  "f_base": -4.719483852386475,
  "f_schedule": -4.246404647827148,
  "schedule_steps": [
    1,
    2,
    5,
    8,
    10,
    16,
    19,
    20,
    21,
    28,
    30,
    42,
    45,
    49,
    54,
    60
  ],
  "budget": 16,
  "wall_time": 10.931065082550049
}