{
  "j": 86,
  "B": 16,
  "seed": 1644,
  "G": 0.5862321853637695,
  "A": 1.7737613010406494,
  "residual": -1.18752911567688,
  "f_base": -5.178559303283691,
  "f_schedule": -4.592327117919922,
  "schedule_steps": [
    1,
    11,
    13,
    15,
    20,
    21,
    22,
    26,
    31,
    36,
    37,
    39,
    40,
    41,
    43,
    47
  ],
  "budget": 16,
  "wall_time": 10.930525302886963
}