{
  "j": 51,
  "B": 8,
  "seed": 1399,
  "G": 0.3139944076538086,
  "A": 0.6718365240097046,
  "residual": -0.357842116355896,
  "f_base": -4.618419170379639,
  "f_schedule": -4.30442476272583,
  "schedule_steps": [
    0,
    3,
    13,
    14,
    32,
    39,
    41,
    47
  ],
  "budget": 8,
  "wall_time": 10.365477800369263
}