{
  "j": 76,
  "B": 16,
  "seed": 1574,
  "G": 0.3971238136291504,
  "A": 1.4599001359939574,
  "residual": -1.062776322364807,
  "f_base": -5.108069896697998,
  "f_schedule": -4.710946083068848,
  "schedule_steps": [
    1,
    7,
    8,
    15,
    16,
    20,
    21,
    24,
    26,
    31,
    40,
    42,
    45,
    54,
    59,
    63
  ],
  "budget": 16,
  "wall_time": 10.930316925048828
}