{
  "j": 30,
  "B": 8,
  "seed": 1252,
  "G": 0.2924613952636719,
  "A": 0.5898641109466553,
  "residual": -0.2974027156829834,
  "f_base": -4.726263523101807,
  "f_schedule": -4.433802127838135,
  "schedule_steps": [
    2,
    10,
    14,
    15,
    20,
    38,
    55,
    60
  ],
  "budget": 8,
  "wall_time": 10.347178220748901
}