{
  "j": 62,
  "B": 16,
  "seed": 1476,
  "G": 0.587862491607666,
  "A": 1.1908807373046875,
  "residual": -0.6030182456970214,
  "f_base": -4.88839864730835,
  "f_schedule": -4.300536155700684,
  "schedule_steps": [
    1,
    6,
    7,
    12,
    23,
    28,
    37,
    44,
    50,
    51,
    52,
    53,
    55,
    57,
    58,
    59
  ],
  "budget": 16,
  "wall_time": 10.952467441558838
}