{
  "j": 87,
  "B": 16,
  "seed": 1651,
  "G": 0.3296365737915039,
  "A": 1.677383151054382,
  "residual": -1.347746577262878,
  "f_base": -4.590633869171143,
  "f_schedule": -4.260997295379639,
  "schedule_steps": [
    1,
    7,
    11,
    22,
    25,
    28,
    30,
    32,
    35,
    36,
    38,
    41,
    45,
    50,
    54,
    56
  ],
  "budget": 16,
  "wall_time": 10.929308414459229
}