{
  "j": 19,
  "B": 4,
  "seed": 1175,
  "G": 0.07424592971801758,
  "A": 0.49074995040893554,
  "residual": -0.41650402069091796,
  "f_base": -4.691418170928955,
  "f_schedule": -4.6171722412109375,
  "schedule_steps": [
    19,
    29,
    33,
    44
  ],
  "budget": 4,
  "wall_time": 10.068672895431519
}