{
  "j": 21,
  "B": 4,
  "seed": 1189,
  "G": 0.278228759765625,
  "A": 0.3495563840866089,
  "residual": -0.07132762432098388,
  "f_base": -4.87670373916626,
  "f_schedule": -4.598474979400635,
  "schedule_steps": [
    10,
    30,
    52,
    63
  ],
  "budget": 4,
  "wall_time": 10.061393976211548
}