{
  "j": 80,
  "B": 16,
  "seed": 1602,
  "G": 0.8120546340942383,
  "A": 1.3355312013626097,
  "residual": -0.5234765672683714,
  "f_base": -5.316995620727539,
  "f_schedule": -4.504940986633301,
  "schedule_steps": [
    4,
    6,
    7,
    20,
    26,
    37,
    39,
    43,
    46,
    48,
    49,
    54,
    57,
    58,
    59,
    60
  ],
  "budget": 16,
  "wall_time": 10.931614398956299
}