{
  "j": 85,
  "B": 16,
  "seed": 1637,
  "G": 1.1526474952697754,
  "A": 1.398088583946228,
  "residual": -0.24544108867645265,
  "f_base": -5.277949333190918,
  "f_schedule": -4.125301837921143,
  "schedule_steps": [
    0,
    6,
    13,
    14,
    15,
    17,
    18,
    19,
    25,
    29,
    30,
    44,
    46,
    51,
    60,
    62
  ],
  "budget": 16,
  "wall_time": 10.930005550384521
}