{
  "j": 79,
  "B": 16,
  "seed": 1595,
  "G": 0.4241824150085449,
  "A": 1.4474608612060547,
  "residual": -1.0232784461975097,
  "f_base": -5.138929843902588,
  "f_schedule": -4.714747428894043,
  "schedule_steps": [
    1,
    5,
    15,
    16,
    22,
    23,
    34,
    36,
    40,
    41,
    42,
    47,
    50,
    54,
    57,
    61
  ],
  "budget": 16,
  "wall_time": 10.931750059127808
}