{
  "j": 11,
  "B": 4,
  "seed": 1119,
  "G": -0.1349172592163086,
  "A": 0.2746766710281372,
  "residual": -0.4095939302444458,
  "f_base": -5.13238000869751,
  "f_schedule": -5.267297267913818,
  "schedule_steps": [
    2,
    44,
    48,
    52
  ],
  "budget": 4,
  "wall_time": 10.057263135910034
}