{
  "j": 75,
  "B": 16,
  "seed": 1567,
  "G": 0.49556946754455566,
  "A": 1.4069001197814945,
  "residual": -0.9113306522369389,
  "f_base": -4.362188339233398,
  "f_schedule": -3.8666188716888428,
  "schedule_steps": [
    1,
    6,
    9,
    13,
    18,
    23,
    25,
    29,
    33,
    35,
    44,
    53,
    58,
    59,
    61,
    62
  ],
  "budget": 16,
  "wall_time": 10.931198358535767
}