{
  "j": 56,
  "B": 8,
  "seed": 1434,
  "G": 0.40574026107788086,
  "A": 0.6178134202957153,
  "residual": -0.21207315921783443,
  "f_base": -5.042098045349121,
  "f_schedule": -4.63635778427124,
  "schedule_steps": [
    2,
    9,
    10,
    13,
    16,
    27,
    37,
    59
  ],
  "budget": 8,
  "wall_time": 10.367797374725342
}