{
  "j": 72,
  "B": 16,
  "seed": 1546,
  "G": 0.7239079475402832,
  "A": 1.4790458011627199,
  "residual": -0.7551378536224367,
  "f_base": -5.657409191131592,
  "f_schedule": -4.933501243591309,
  "schedule_steps": [
    6,
    9,
    13,
    15,
    17,
    26,
    29,
    31,
    37,
    42,
    45,
    46,
    51,
    52,
    61,
    62
  ],
  "budget": 16,
  "wall_time": 10.942678928375244
}