{
  "j": 54,
  "B": 8,
  "seed": 1420,
  "G": 0.09304380416870117,
  "A": 0.6321351861953736,
  "residual": -0.5390913820266724,
  "f_base": -5.350430011749268,
  "f_schedule": -5.257386207580566,
  "schedule_steps": [
    3,
    5,
    17,
    18,
    28,
    45,
    54,
    59
  ],
  "budget": 8,
  "wall_time": 10.364729642868042
}