{
  "j": 69,
  "B": 16,
  "seed": 1525,
  "G": 0.7592287063598633,
  "A": 1.050276789665222,
  "residual": -0.2910480833053588,
  "f_base": -5.504971981048584,
  "f_schedule": -4.745743274688721,
  "schedule_steps": [
    2,
    3,
    5,
    6,
    14,
    15,
    19,
    29,
    31,
    48,
    51,
    54,
    58,
    59,
    61,
    62
  ],
  "budget": 16,
  "wall_time": 10.943055152893066
}