{
  "j": 81,
  "B": 16,
  "seed": 1609,
  "G": 0.4798574447631836,
  "A": 1.4990011882781986,
  "residual": -1.019143743515015,
  "f_base": -5.37147331237793,
  "f_schedule": -4.891615867614746,
  "schedule_steps": [
    5,
    7,
    16,
    22,
    23,
    27,
    29,
    33,
    36,
    43,
    46,
    52,
    53,
    55,
    56,
    58
  ],
  "budget": 16,
  "wall_time": 10.930862188339233
}