{
  "j": 28,
  "B": 4,
  "seed": 1238,
  "G": -0.004011631011962891,
  "A": 0.20622122287750244,
  "residual": -0.21023285388946533,
  "f_base": -4.9750800132751465,
  "f_schedule": -4.979091644287109,
  "schedule_steps": [
    1,
    7,
    36,
    57
  ],
  "budget": 4,
  "wall_time": 10.05794095993042
}