{
  "j": 4,
  "B": 4,
  "seed": 1070,
  "G": 0.10270166397094727,
  "A": 0.31707032680511477,
  "residual": -0.2143686628341675,
  "f_base": -5.125428676605225,
  "f_schedule": -5.022727012634277,
  "schedule_steps": [
    7,
    13,
    44,
    62
  ],
  "budget": 4,
  "wall_time": 10.056265592575073
}