{
  "j": 25,
  "B": 4,
  "seed": 1217,
  "G": 0.25647449493408203,
  "A": 0.5029587221145629,
  "residual": -0.2464842271804809,
  "f_base": -5.227112770080566,
  "f_schedule": -4.970638275146484,
  "schedule_steps": [
    12,
    27,
    31,
    37
  ],
  "budget": 4,
  "wall_time": 10.070666313171387
}