{
  "j": 6,
  "B": 4,
  "seed": 1084,
  "G": 0.40725278854370117,
  "A": 0.21741799354553223,
  "residual": 0.18983479499816894,
  "f_base": -5.248246192932129,
  "f_schedule": -4.840993404388428,
  "schedule_steps": [
    3,
    13,
    52,
    59
  ],
  "budget": 4,
  "wall_time": 10.056848287582397
}