{
  "j": 52,
  "B": 8,
  "seed": 1406,
  "G": 0.2533869743347168,
  "A": 0.552506251335144,
  "residual": -0.2991192770004272,
  "f_base": -5.268474578857422,
  "f_schedule": -5.015087604522705,
  "schedule_steps": [
    2,
    5,
    9,
    12,
    35,
    36,
    49,
    60
  ],
  "budget": 8,
  "wall_time": 10.35193920135498
}