{
  "j": 5,
  "B": 4,
  "seed": 1077,
  "G": 0.49348974227905273,
  "A": 0.2618521022796631,
  "residual": 0.23163763999938963,
  "f_base": -5.309800624847412,
  "f_schedule": -4.816310882568359,
  "schedule_steps": [
    3,
    44,
    51,
    57
  ],
  "budget": 4,
  "wall_time": 10.055883884429932
}