{
  "j": 12,
  "B": 4,
  "seed": 1126,
  "G": 0.411928653717041,
  "A": 0.38958384037017824,
  "residual": 0.02234481334686278,
  "f_base": -5.280171871185303,
  "f_schedule": -4.868243217468262,
  "schedule_steps": [
    13,
    14,
    46,
    48
  ],
  "budget": 4,
  "wall_time": 10.057613849639893
}