{
  "j": 23,
  "B": 4,
  "seed": 1203,
  "G": 0.2861967086791992,
  "A": 0.2850066900253296,
  "residual": 0.00119001865386964,
  "f_base": -4.637962341308594,
  "f_schedule": -4.3517656326293945,
  "schedule_steps": [
    3,
    14,
    38,
    59
  ],
  "budget": 4,
  "wall_time": 10.066805601119995
}