{
  "j": 1,
  "B": 4,
  "seed": 1049,
  "G": 0.272554874420166,
  "A": 0.3403972101211548,
  "residual": -0.0678423357009888,
  "f_base": -5.295430660247803,
  "f_schedule": -5.022875785827637,
  "schedule_steps": [
    16,
    35,
    51,
    57
  ],
  "budget": 4,
  "wall_time": 10.076148748397827
}