{
  "j": 39,
  "B": 8,
  "seed": 1315,
  "G": 0.5155677795410156,
  "A": 0.692231125831604,
  "residual": -0.17666334629058833,
  "f_base": -4.97060489654541,
  "f_schedule": -4.4550371170043945,
  "schedule_steps": [
    0,
    8,
    21,
    29,
    39,
    43,
    49,
    52
  ],
  "budget": 8,
  "wall_time": 10.348589181900024
}