{
  "j": 2,
  "B": 4,
  "seed": 1056,
  "G": 0.45342016220092773,
  "A": 0.3149616575241089,
  "residual": 0.13845850467681886,
  "f_base": -5.320278167724609,
  "f_schedule": -4.866858005523682,
  "schedule_steps": [
    7,
    10,
    40,
    57
  ],
  "budget": 4,
  "wall_time": 10.076910495758057
}