{
  "j": 58,
  "B": 8,
  "seed": 1448,
  "G": 0.5961570739746094,
  "A": 0.6837647247314453,
  "residual": -0.08760765075683596,
  "f_base": -4.839351654052734,
  "f_schedule": -4.243194580078125,
  "schedule_steps": [
    2,
    17,
    20,
    22,
    35,
    51,
    53,
    54
  ],
  "budget": 8,
  "wall_time": 10.357686519622803
}