{
  "j": 70,
  "B": 16,
  "seed": 1532,
  "G": 0.5474562644958496,
  "A": 1.2976974773406982,
  "residual": -0.7502412128448486,
  "f_base": -4.7659077644348145,
  "f_schedule": -4.218451499938965,
  "schedule_steps": [
    0,
    1,
    7,
    12,
    14,
    37,
    38,
    39,
    40,
    43,
    46,
    47,
    49,
    57,
    61,
    63
  ],
  "budget": 16,
  "wall_time": 10.94194769859314
}