{
  "j": 24,
  "B": 4,
  "seed": 1210,
  "G": 0.2771930694580078,
  "A": 0.40147914886474606,
  "residual": -0.12428607940673825,
  "f_base": -5.167787075042725,
  "f_schedule": -4.890594005584717,
  "schedule_steps": [
    8,
    17,
    20,
    21
  ],
  "budget": 4,
  "wall_time": 10.069762706756592
}