{
  "j": 84,
  "B": 16,
  "seed": 1630,
  "G": 0.7889657020568848,
  "A": 1.347118229866028,
  "residual": -0.5581525278091433,
  "f_base": -5.332417011260986,
  "f_schedule": -4.543451309204102,
  "schedule_steps": [
    2,
    5,
    13,
    16,
    20,
    33,
    37,
    38,
    39,
    43,
    49,
    50,
    55,
    58,
    60,
    62
  ],
  "budget": 16,
  "wall_time": 10.932129144668579
}