{
  "j": 57,
  "B": 8,
  "seed": 1441,
  "G": 0.22071456909179688,
  "A": 0.8921687030792237,
  "residual": -0.6714541339874268,
  "f_base": -4.864706516265869,
  "f_schedule": -4.643991947174072,
  "schedule_steps": [
    4,
    14,
    17,
    30,
    31,
    36,
    37,
    45
  ],
  "budget": 8,
  "wall_time": 10.370316982269287
}