{
  "j": 34,
  "B": 8,
  "seed": 1280,
  "G": 0.14084243774414062,
  "A": 0.8022321081161499,
  "residual": -0.6613896703720092,
  "f_base": -5.469181537628174,
  "f_schedule": -5.328339099884033,
  "schedule_steps": [
    39,
    41,
    42,
    44,
    48,
    55,
    57,
    61
  ],
  "budget": 8,
  "wall_time": 10.35069465637207
}