{
  "j": 41,
  "B": 8,
  "seed": 1329,
  "G": 0.6617813110351562,
  "A": 0.7627523040771484,
  "residual": -0.1009709930419922,
  "f_base": -5.179302215576172,
  "f_schedule": -4.517520904541016,
  "schedule_steps": [
    0,
    13,
    19,
    23,
    35,
    36,
    43,
    63
  ],
  "budget": 8,
  "wall_time": 10.357155323028564
}