{
  "j": 74,
  "B": 16,
  "seed": 1560,
  "G": 0.8648281097412109,
  "A": 1.6660171699523925,
  "residual": -0.8011890602111815,
  "f_base": -5.183091163635254,
  "f_schedule": -4.318263053894043,
  "schedule_steps": [
    4,
    5,
    10,
    13,
    18,
    23,
    24,
    29,
    30,
    31,
    32,
    41,
    42,
    54,
    57,
    58
  ],
  "budget": 16,
  "wall_time": 10.937620162963867
}