{
  "j": 8,
  "B": 4,
  "seed": 1098,
  "G": 0.6556558609008789,
  "A": 0.5800832653045654,
  "residual": 0.07557259559631346,
  "f_base": -5.208019256591797,
  "f_schedule": -4.552363395690918,
  "schedule_steps": [
    23,
    30,
    32,
    41
  ],
  "budget": 4,
  "wall_time": 10.057158470153809
}