{
  "j": 67,
  "B": 16,
  "seed": 1511,
  "G": 0.8685562610626221,
  "A": 1.4991512537002565,
  "residual": -0.6305949926376344,
  "f_base": -4.853853702545166,
  "f_schedule": -3.985297441482544,
  "schedule_steps": [
    4,
    7,
    9,
    13,
    14,
    16,
    20,
    26,
    30,
    36,
    38,
    41,
    47,
    52,
    60,
    62
  ],
  "budget": 16,
  "wall_time": 10.937511920928955
}