{
  "j": 40,
  "B": 8,
  "seed": 1322,
  "G": 0.41376161575317383,
  "A": 0.7476746940612793,
  "residual": -0.33391307830810546,
  "f_base": -4.843206405639648,
  "f_schedule": -4.429444789886475,
  "schedule_steps": [
    4,
    16,
    24,
    28,
    45,
    47,
    59,
    61
  ],
  "budget": 8,
  "wall_time": 10.362210750579834
}