{
  "j": 82,
  "B": 16,
  "seed": 1616,
  "G": 0.3537006378173828,
  "A": 1.3936926317214968,
  "residual": -1.039991993904114,
  "f_base": -4.368435859680176,
  "f_schedule": -4.014735221862793,
  "schedule_steps": [
    0,
    4,
    5,
    9,
    10,
    12,
    20,
    21,
    24,
    28,
    32,
    35,
    42,
    55,
    61,
    62
  ],
  "budget": 16,
  "wall_time": 10.932167053222656
}