{
  "j": 44,
  "B": 8,
  "seed": 1350,
  "G": 0.6836395263671875,
  "A": 0.5918889093399048,
  "residual": 0.09175061702728271,
  "f_base": -5.0132646560668945,
  "f_schedule": -4.329625129699707,
  "schedule_steps": [
    2,
    7,
    16,
    29,
    42,
    49,
    51,
    61
  ],
  "budget": 8,
  "wall_time": 10.361787796020508
}