{
  "j": 73,
  "B": 16,
  "seed": 1553,
  "G": 1.1613216400146484,
  "A": 1.3546616744995117,
  "residual": -0.19334003448486325,
  "f_base": -5.345414638519287,
  "f_schedule": -4.184092998504639,
  "schedule_steps": [
    0,
    5,
    6,
    7,
    9,
    12,
    14,
    17,
    22,
    27,
    29,
    34,
    38,
    44,
    48,
    57
  ],
  "budget": 16,
  "wall_time": 10.935987710952759
}