{
  "j": 59,
  "B": 8,
  "seed": 1455,
  "G": 0.6068902015686035,
  "A": 0.7396997594833374,
  "residual": -0.13280955791473392,
  "f_base": -5.691808700561523,
  "f_schedule": -5.08491849899292,
  "schedule_steps": [
    2,
    3,
    13,
    17,
    25,
    28,
    29,
    35
  ],
  "budget": 8,
  "wall_time": 10.35690689086914
}