{
  "j": 15,
  "B": 4,
  "seed": 1147,
  "G": 0.7648196220397949,
  "A": 0.40143339157104496,
  "residual": 0.36338623046874996,
  "f_base": -5.44533634185791,
  "f_schedule": -4.680516719818115,
  "schedule_steps": [
    17,
    38,
    45,
    57
  ],
  "budget": 4,
  "wall_time": 10.057275533676147
}