{
  "j": 26,
  "B": 4,
  "seed": 1224,
  "G": 0.25963687896728516,
  "A": 0.30562071323394774,
  "residual": -0.04598383426666258,
  "f_base": -5.21903657913208,
  "f_schedule": -4.959399700164795,
  "schedule_steps": [
    3,
    17,
    20,
    59
  ],
  "budget": 4,
  "wall_time": 10.077897787094116
}