{
  "j": 46,
  "B": 8,
  "seed": 1364,
  "G": 0.13318347930908203,
  "A": 0.8210150003433228,
  "residual": -0.6878315210342407,
  "f_base": -5.289976119995117,
  "f_schedule": -5.156792640686035,
  "schedule_steps": [
    2,
    20,
    21,
    27,
    36,
    42,
    47,
    53
  ],
  "budget": 8,
  "wall_time": 10.362312316894531
}