{
  "j": 9,
  "B": 4,
  "seed": 1105,
  "G": 0.13963095432238726,
  "A": 0.13656071153570215,
  "residual": 0.0030702427866851068,
  "f_base": -3.518189195694878,
  "f_schedule": -3.378558241372491,
  "schedule_steps": [
    8,
    9,
    12,
    13
  ],
  "budget": 4,
  "wall_time": 0.0027081966400146484
}