{
  "j": 3,
  "B": 2,
  "seed": 1063,
  "G": 0.05060755433769337,
  "A": 0.03870038959542373,
  "residual": 0.01190716474226964,
  "f_base": -3.526018901343585,
  "f_schedule": -3.475411347005892,
  "schedule_steps": [
    6,
    15
  ],
  "budget": 2,
  "wall_time": 0.002238750457763672
}