{
  "j": 4,
  "B": 2,
  "seed": 1070,
  "G": 0.008609212513785547,
  "A": 0.015976827413194467,
  "residual": -0.00736761489940892,
  "f_base": -3.4758992823495434,
  "f_schedule": -3.467290069835758,
  "schedule_steps": [
    1,
    3
  ],
  "budget": 2,
  "wall_time": 0.0022220611572265625
}