{
  "j": 7,
  "B": 4,
  "seed": 1091,
  "G": 0.08190336579633373,
  "A": 0.08580698123002166,
  "residual": -0.003903615433687932,
  "f_base": -3.553568819737717,
  "f_schedule": -3.4716654539413834,
  "schedule_steps": [
    1,
    2,
    5,
    7
  ],
  "budget": 4,
  "wall_time": 0.00264739990234375
}