{
  "j": 1,
  "B": 2,
  "seed": 1049,
  "G": 0.02436292702354681,
  "A": 0.024159822514991568,
  "residual": 0.00020310450855524215,
  "f_base": -3.470470111671477,
  "f_schedule": -3.4461071846479303,
  "schedule_steps": [
    4,
    14
  ],
  "budget": 2,
  "wall_time": 0.001928567886352539
}