{
  "j": 2,
  "B": 2,
  "seed": 1056,
  "G": 0.06003354656117432,
  "A": 0.04834567607843665,
  "residual": 0.011687870482737672,
  "f_base": -3.4211716997549786,
  "f_schedule": -3.3611381531938043,
  "schedule_steps": [
    10,
    14
  ],
  "budget": 2,
  "wall_time": 0.0022144317626953125
}