{
  "j": 8,
  "B": 4,
  "seed": 1098,
  "G": 0.13644123919655815,
  "A": 0.15567467995410475,
  "residual": -0.0192334407575466,
  "f_base": -3.505030316077333,
  "f_schedule": -3.3685890768807747,
  "schedule_steps": [
    5,
    6,
    7,
    9
  ],
  "budget": 4,
  "wall_time": 0.002695322036743164
}