{
  "j": 5,
  "B": 4,
  "seed": 1077,
  "G": 0.1033221361879817,
  "A": 0.07756942397504338,
  "residual": 0.025752712212938317,
  "f_base": -3.555310711866829,
  "f_schedule": -3.4519885756788473,
  "schedule_steps": [
    0,
    9,
    12,
    14
  ],
  "budget": 4,
  "wall_time": 0.0027229785919189453
}