{
  "j": 6,
  "B": 4,
  "seed": 1084,
  "G": 0.032869606701605214,
  "A": 0.04983832674044282,
  "residual": -0.016968720038837606,
  "f_base": -3.4362010354463193,
  "f_schedule": -3.403331428744714,
  "schedule_steps": [
    0,
    2,
    11,
    14
  ],
  "budget": 4,
  "wall_time": 0.002752542495727539
}