{
  "T": 16,
  "N_trajectories": 5,
  "backend": "MDLM-conf corrector (top_k=20, masked positions)",
  "n_positive_delta_steps": 16,
  "t_first_positive_delta": 0,
  "peak_mean_delta": 0.05133784123837417,
  "calibration": {
    "entropy": {
      "label": "entropy",
      "eps_rms": 0.017043033772951594,
      "eps_max": 0.037045645971250256,
      "spearman_mean": -0.23176470588235296,
      "spearman_std": 0.0990857864659951,
      "calib_a": -0.006389315565454031,
      "calib_b": 0.03282527781800915
    },
    "inverse_margin": {
      "label": "inverse_margin",
      "eps_rms": 0.01758554836678235,
      "eps_max": 0.038395115925720646,
      "spearman_mean": 0.23411764705882354,
      "spearman_std": 0.09339057397809737,
      "calib_a": 0.013691871036234928,
      "calib_b": 0.017403373119997585
    },
    "quality_mass_proxy": {
      "label": "quality_mass_proxy",
      "eps_rms": 0.017554678143573272,
      "eps_max": 0.038279570548671045,
      "spearman_mean": -0.2335294117647059,
      "spearman_std": 0.0998892119864817,
      "calib_a": -0.015020627285593079,
      "calib_b": 0.0325756934679948
    },
    "unmasked_fraction": {
      "label": "unmasked_fraction",
      "eps_rms": 0.01740272950995306,
      "eps_max": 0.03781952521678984,
      "spearman_mean": 0.23176470588235296,
      "spearman_std": 0.0990857864659951,
      "calib_a": 0.01256210187490575,
      "calib_b": 0.01724624167784502
    }
  },
  "eta_by_B": {
    "4": {
      "eta_95": 0.03115907499083425,
      "eta_mean": 0.021940308135527137,
      "n_schedules": 3
    },
    "8": {
      "eta_95": 0.0670935682328509,
      "eta_mean": 0.05730377646672355,
      "n_schedules": 3
    }
  },
  "gamma": {
    "gamma_95": 0.008822560920543452,
    "gamma_mean": 0.005091807852213614,
    "gamma_max": 0.009290927375045666,
    "n_pairs": 10
  },
  "T_low": {
    "threshold_50pct_peak": [
      0,
      1,
      2,
      3,
      4,
      12,
      13,
      14,
      15
    ],
    "threshold_30pct_peak": [
      0,
      1,
      2,
      3,
      14,
      15
    ],
    "n_positive_delta": 16,
    "t_first_positive": 0
  },
  "theorem_A_bound_check": {
    "4": {
      "bound_2Be_2eta": 0.19866,
      "G_oracle_estimate": 0.19031,
      "bound_useful": false,
      "eps_entropy_rms": 0.01704,
      "eta_95": 0.03116
    },
    "8": {
      "bound_2Be_2eta": 0.40688,
      "G_oracle_estimate": 0.30993,
      "bound_useful": false,
      "eps_entropy_rms": 0.01704,
      "eta_95": 0.06709
    }
  },
  "policy_comparison": {
    "B4": {
      "uniform": {
        "G": 0.0908,
        "beats_uniform": false
      },
      "front": {
        "G": 0.02614,
        "beats_uniform": false
      },
      "back": {
        "G": 0.03801,
        "beats_uniform": false
      },
      "middle": {
        "G": 0.21295,
        "beats_uniform": true
      },
      "entropy_top_B": {
        "G": 0.02614,
        "beats_uniform": false
      },
      "margin_top_B": {
        "G": 0.03801,
        "beats_uniform": false
      },
      "quality_top_B": {
        "G": 0.02614,
        "beats_uniform": false
      },
      "entropy_burn_in_gated": {
        "G": 0.02614,
        "beats_uniform": false
      },
      "oracle": {
        "G": 0.19037,
        "beats_uniform": true
      },
      "bottom_B": {
        "G": 0.03801,
        "beats_uniform": false
      }
    },
    "B8": {
      "uniform": {
        "G": 0.17934,
        "beats_uniform": false
      },
      "front": {
        "G": 0.21408,
        "beats_uniform": true
      },
      "back": {
        "G": 0.26517,
        "beats_uniform": true
      },
      "middle": {
        "G": 0.34286,
        "beats_uniform": true
      },
      "entropy_top_B": {
        "G": 0.21408,
        "beats_uniform": true
      },
      "margin_top_B": {
        "G": 0.26517,
        "beats_uniform": true
      },
      "quality_top_B": {
        "G": 0.21408,
        "beats_uniform": true
      },
      "entropy_burn_in_gated": {
        "G": 0.21408,
        "beats_uniform": true
      },
      "oracle": {
        "G": 0.31728,
        "beats_uniform": true
      },
      "bottom_B": {
        "G": 0.26517,
        "beats_uniform": true
      }
    }
  }
}